name_last,name_first,key_mlbam,key_retro,key_bbref,key_fangraphs,mlb_played_first,mlb_played_last
bradley,jed,605152,bradj002,bradlje01,13166,2016,2016
sadler,casey,594987,sadlc002,sadleca02,11209,2014,2021
miller,owen,680911,millo002,milleow01,24655,2021,2025
castillo,diego,660636,castd004,castidi02,19906,2022,2024
cessa,luis,570666,cessl001,cessalu01,13345,2016,2023
zastryzny,rob,642239,zastr001,zastrro01,15094,2016,2025
sipp,tony,448609,sippt001,sippto01,8280,2009,2019
vogelsong,ryan,285064,voger001,vogelry01,1011,2000,2016
gómez,roberto,596816,gomer002,gomezro01,12963,2017,2018
granillo,andre,701552,grana001,granian01,-1,2025,2025
petricka,jake,502593,petrj001,petrija01,10534,2013,2021
hall,matt,664180,hallm002,hallma02,18076,2018,2020
díaz,edwin,621242,diaze006,diazed04,14710,2016,2025
lopez,nicky,670032,lopen001,lopezni01,19339,2019,2025
scribner,troy,644428,scrit001,scribtr01,15570,2017,2018
kiekhefer,dean,518883,kiekd001,kiekhde01,10529,2016,2018
junis,jakob,596001,junij001,junisja01,13619,2017,2025
neris,héctor,593576,nerih001,nerishe01,11804,2014,2025
reyes,jo-jo,457456,reyej003,reyesjo03,5559,2007,2016
otto,glenn,657248,ottog001,ottogl01,21366,2021,2023
miller,justin,502522,millj006,milleju02,8580,2014,2021
chavez,jesse,445926,chavj001,chaveje01,5448,2008,2025
giolito,lucas,608337,gioll001,giolilu01,15474,2016,2025
zimmermann,jordan,519455,zimmj003,zimmejo02,4505,2009,2021
beasley,jeremy,676886,beasj001,beaslje01,20205,2020,2022
bird,kyle,613317,birdk001,birdky01,16618,2019,2019
otero,dan,519096,oterd001,oteroda01,7385,2012,2019
assad,javier,665871,assaj001,assadja01,21741,2022,2025
plawecki,kevin,608700,plawk001,plaweke01,13807,2015,2022
despaigne,odrisamer,628333,despo001,despaod01,16017,2014,2019
schuster,patrick,572119,schup001,schuspa01,10029,2016,2016
gonsalves,stephen,624427,gonss001,gonsast01,15492,2018,2021
bradish,kyle,680694,bradk001,bradiky01,24586,2022,2025
bote,david,623520,boted002,boteda01,14593,2018,2024
claiborne,preston,502011,claip001,claibpr01,10500,2013,2017
turnbull,spencer,605513,turns003,turnbsp01,16207,2018,2025
price,david,456034,pricd001,priceda01,3184,2008,2022
tyler,kyle,667725,tylek001,tylerky01,22092,2021,2024
wisdom,patrick,621550,wisdp001,wisdopa01,13602,2018,2024
sittinger,brandyn,670087,sittb001,sittibr01,19192,2021,2021
márquez,brailyn,666622,marqb001,marqubr01,21896,2020,2020
crochet,garrett,676979,crocg001,crochga01,27463,2020,2025
garcía,jason,592329,garcj005,garcija03,12143,2015,2015
brice,austin,592169,brica001,briceau01,17237,2016,2022
tseng,jen-ho,627500,tsenj001,tsengje01,15524,2017,2018
davidson,matt,571602,davim005,davidma02,7226,2013,2022
whisenhunt,carson,687931,whisc001,whiseca01,-1,2025,2025
may,trevor,543507,may-t001,maytr01,6398,2014,2023
estrada,jeremiah,669093,estrj002,estraje01,22210,2022,2025
cole,a. j.,595918,colea002,coleaj01,11467,2015,2021
waldron,matt,663362,waldm003,waldrma01,25550,2023,2025
rodríguez,eduardo,593958,rodre004,rodried05,13164,2015,2025
wilson,steven,621051,wilss002,wilsost02,20353,2022,2025
williams,austen,657117,willa003,williau01,16309,2018,2019
gray,jon,592351,grayj003,grayjo02,14916,2015,2025
lester,josh,623507,lestj002,lestejo02,17737,2022,2023
bedrosian,cam,592135,bedrc001,bedroca01,13360,2014,2021
billingsley,chad,451532,billc001,billich01,5842,2006,2015
holmes,clay,605280,holmc001,holmecl01,13649,2018,2025
ramsey,lane,682010,ramsl001,ramsela02,25071,2023,2023
vasquez,andrew,607755,vasqa002,vasquan02,19482,2018,2023
cueto,johnny,456501,cuetj001,cuetojo01,6893,2008,2024
romo,sergio,489265,romos001,romose01,9817,2008,2022
stallings,jacob,607732,stalj001,stallja01,13723,2016,2025
ross,tyson,475115,rosst001,rossty01,7872,2010,2019
burke,brock,656271,burkb001,burkebr01,17968,2019,2025
bowden,ben,641386,bowdb001,bowdebe01,20198,2021,2025
edgin,josh,572831,edgij001,edginjo01,10796,2012,2017
rom,drew,680723,rom-d001,romdr01,24602,2023,2023
gregg,kevin,276514,gregk001,greggke01,1793,2003,2015
lee,chase,695445,lee-c005,leech02,-1,2025,2025
barría,jaime,642545,barrj003,barrija01,18356,2018,2023
duensing,brian,488846,duenb001,duensbr01,4064,2009,2018
santos,gregory,666619,santg001,santogr01,21894,2021,2025
mejía,j. c.,650496,mejij002,mejiaje02,20617,2021,2023
cox,austin,680735,cox-a001,coxau01,24604,2023,2025
muñoz,rolddy,691548,munor002,munozro02,-1,2025,2025
mengden,daniel,596043,mengd001,mengdda01,16980,2016,2022
kelley,shawn,518875,kells001,kellesh01,7773,2009,2019
martin,kyle,573016,martk003,martiky01,14860,2017,2017
garcía,edgar,658305,garce001,garcied01,19276,2019,2021
battenfield,peyton,685410,battp001,battepe01,25777,2023,2023
del pozo,miguel,600887,delpm001,delpomi01,18792,2019,2021
owings,chris,572008,owinc001,owingch01,10030,2013,2023
murphy,j. r.,571974,murpj001,murphjr01,10346,2013,2020
mercado,michael,675650,mercm002,mercami01,-1,2024,2025
barco,hunter,682995,barch001,barcohu01,-1,2025,2025
sasaki,roki,808963,sasar001,sasakro01,-1,2025,2025
rearick,chris,595371,rearc001,rearich01,11050,2015,2015
pallante,andre,669467,palla001,pallaan01,26108,2022,2025
bashlor,tyler,641341,basht001,bashlty01,15203,2018,2020
dodd,dylan,689266,doddd001,dodddy01,29928,2023,2025
mckay,david,641853,mckad001,mckayda02,19814,2019,2022
gómez,jeanmar,491646,gomej002,gomezje01,9033,2010,2019
gomber,austin,596295,gomba001,gombeau01,16561,2018,2025
lecure,sam,459967,lecus001,lecursa01,4664,2010,2015
garza,ralph,621248,garzr001,garzara01,17682,2021,2022
hancock,justin,606995,hancj002,hancoju01,12316,2018,2018
funkhouser,kyle,608335,funkk001,funkhky01,19456,2020,2021
alvarez,r. j.,571439,alvar001,alvarrj01,13401,2014,2022
elledge,seth,676220,elles001,elledse01,19766,2020,2021
atkins,mitch,444444,atkim001,atkinmi01,8369,2009,2011
tanaka,masahiro,547888,tanam001,tanakma01,15764,2014,2020
gilbert,logan,669302,gilbl002,gilbelo01,22250,2021,2025
blanton,joe,430599,blanj001,blantjo01,4849,2004,2017
nelson,ryne,669194,nelsr003,nelsory01,26253,2022,2025
moore,mckinley,686842,moorm004,mooremc01,25663,2023,2023
guerrero,luis,692285,guerl001,guerrlu01,-1,2024,2025
felipe,angel,665734,felia001,felipan01,21163,2023,2023
peterson,jace,607054,petej002,peterja01,12325,2014,2024
woodford,jake,663765,woodj003,woodfja01,18674,2020,2025
ferrell,jeff,594815,ferrj001,ferreje01,11506,2015,2017
soriano,george,666277,sorig001,soriage01,21863,2023,2025
erceg,lucas,668674,ercel001,erceglu01,19360,2023,2025
somsen,layne,643550,somsl001,somsela01,15301,2016,2016
neal,zach,594943,nealz001,nealza01,11294,2016,2023
molina,anthony,683627,molia001,molinan01,26952,2024,2025
castillo,josé,620454,castj007,castijo03,17169,2018,2025
mccutchen,daniel,445216,mccud001,mccutda01,263,2009,2014
plassmeyer,michael,674681,plasm001,plassmi01,23191,2022,2023
garton,ryan,623439,gartr001,gartory01,14016,2016,2019
medina,yoervis,500721,mediy001,medinyo01,10498,2013,2015
winder,josh,680739,windj002,windejo01,24606,2022,2024
speas,alex,666208,speaa001,speasal01,21859,2023,2024
martínez,nick,607259,martn002,martini01,12730,2014,2025
harvey,joe,642840,harvj001,harvejo01,16459,2019,2020
jackson,jay,543351,jackj001,jacksja01,7432,2015,2024
ridings,stephen,670050,ridis001,ridinst01,22358,2021,2021
kershaw,clayton,477132,kersc001,kershcl01,2036,2008,2025
wilson,josh,425543,wilsj003,wilsojo03,2102,2005,2015
castro,miguel,612434,castm002,castrmi01,15684,2015,2025
maurer,brandon,543506,maurb001,maurebr01,4878,2013,2018
alcántara,victor,622505,alcav001,alcanvi01,15028,2017,2019
festa,matt,670036,festm001,festama01,19330,2018,2025
webb,ryan,444436,webbr001,webbry01,7474,2009,2016
turner,jacob,545363,turnj002,turneja01,10185,2011,2018
rondón,héctor,444468,rondh001,rondohe01,2391,2013,2020
lester,jon,452657,lestj001,lestejo01,4930,2006,2021
pérez,hernán,541650,pereh001,perezhe01,5751,2012,2021
rodríguez,sean,446481,rodrs002,rodrise01,6589,2008,2020
lemoine,jacob,621082,lemoj001,lemoija01,19785,2022,2022
boyd,matt,571510,boydm001,boydma01,15440,2015,2025
beeler,dallas,542923,beeld001,beeleda01,11471,2014,2015
de la cruz,joel,503444,delaj003,delacjo01,12825,2016,2016
de la rosa,rubby,523989,delar003,delarru01,3862,2011,2017
bolaños,ronald,671790,bolar001,bolanro01,20041,2019,2022
reininger,zac,643617,reinz001,reiniza01,15285,2017,2019
milone,tommy,543548,milot001,milonto01,7608,2011,2023
eder,jake,671109,ederj001,ederja01,-1,2024,2025
lópez,reynaldo,625643,loper003,lopezre01,16400,2016,2025
lee,korey,686676,lee-k002,leeko01,25543,2022,2025
taylor,ben,664701,taylb002,taylobe10,18114,2017,2018
hentges,sam,656529,hents001,hentgsa01,18548,2021,2024
chatwood,tyler,543022,chatt001,chatwty01,4338,2011,2021
gallegos,giovanny,606149,gallg001,gallegi01,14986,2017,2024
gonzález,victor,624647,gonzv001,gonzavi02,16408,2020,2024
rasmus,cory,474284,rasmc002,rasmuco02,2413,2013,2016
withrow,chris,519437,withc001,withrch01,7161,2013,2016
matsui,yuki,673513,matsy001,matsuyu01,33826,2024,2025
castro,ángel,502162,casta004,castran01,3243,2015,2015
mujica,josé,620445,mujij001,mujicjo01,17821,2020,2020
kriske,brooks,621139,krisb001,kriskbr01,21189,2020,2025
sánchez,cristopher,650911,sancc002,sanchcr01,20778,2021,2025
pearson,nate,663878,pearn001,pearsna01,20160,2020,2025
megill,trevor,656730,megit001,megiltr01,17722,2021,2025
kintzler,brandon,445213,kintb001,kintzbr01,9939,2010,2021
johnson,brian,598271,johnb004,johnsbr02,14272,2015,2019
palumbo,joe,643478,paluj001,palumjo01,17035,2019,2020
eades,ryan,592280,eader001,eadesry01,14808,2019,2019
jaye,myles,594867,jayem001,jayemy01,11769,2017,2017
buchholz,clay,453329,buchc001,buchhcl01,3543,2007,2019
barker,luke,673316,barkl002,barkelu01,19609,2022,2022
arroyo,christian,624414,arroc001,arroych01,16434,2017,2023
rosales,adam,489267,rosaa001,rosalad01,9682,2008,2018
campbell,paul,669294,campp001,campbpa02,22248,2021,2021
strzelecki,peter,657265,strzp001,strzepe01,21367,2022,2024
walsh,jared,665120,walsj001,walshja01,18607,2019,2024
morrow,brandon,453344,morrb001,morrobr01,9346,2007,2018
stumpf,daniel,621385,stumd001,stumpda01,13780,2016,2019
koerner,brody,621259,koerb001,koernbr01,17748,2021,2021
wilkerson,aaron,658792,wilka003,wilkeaa01,16904,2017,2019
gurka,jason,543261,gurkj001,gurkaja01,8007,2015,2017
jungmann,taylor,543380,jungt001,jungmta01,13119,2015,2017
broderick,brian,518495,brodb001,brodebr01,3773,2011,2011
reynolds,matt,519186,reynm002,reynoma02,8887,2010,2016
morales,osmer,591672,morao001,moralos01,17133,2018,2018
gamboa,eddie,543195,gambe001,gamboed01,6911,2016,2016
vesia,alex,681911,vesia001,vesiaal01,25007,2020,2025
nova,iván,467100,novai001,novaiv01,1994,2010,2020
hand,brad,543272,handb001,handbr01,9111,2011,2023
brennan,brandon,592165,brenb003,brennbr01,13527,2019,2021
reyes,jesús,660875,reyej004,reyesje01,19277,2018,2018
nicasio,juan,504379,nicaj001,nicasju01,7731,2011,2020
strasburg,stephen,544931,stras001,strasst01,10131,2010,2022
uwasawa,naoyuki,683822,uwasn001,uwasana01,-1,2024,2024
bolsinger,mike,502211,bolsm001,bolsimi01,11137,2014,2017
nikhazy,doug,680951,nikhd001,nikhado01,-1,2025,2025
boushley,caleb,676961,bousc001,boushca01,19736,2023,2025
jiménez,eduardo,621592,jimee002,jimened01,19642,2019,2019
fernández,junior,658551,fernj006,fernaju01,18496,2019,2022
escobar,edwin,546276,escoe002,escobed02,10337,2014,2016
pelfrey,mike,460059,pelfm001,pelfrmi01,5203,2006,2017
ellard,fraser,686642,ellaf001,ellarfr01,-1,2024,2025
thompson,zach,605507,thomz001,thompza01,16094,2021,2025
weaver,jered,450308,weavj003,weaveje02,4235,2006,2017
hamel,dom,687589,hamed001,hameldo01,-1,2025,2025
canning,griffin,656288,canng001,cannigr01,19867,2019,2025
putnam,zach,474029,putnz001,putnaza01,9080,2011,2017
meyer,alex,543542,meyea001,meyeral01,12833,2015,2017
hagenman,justin,663795,hagej002,hagenju01,-1,2025,2025
seymour,carson,693313,seymc001,seymoca01,-1,2025,2025
fletcher,aaron,667465,fleta001,fletcaa01,22052,2020,2022
scott,christian,681035,scotc001,scottch01,-1,2024,2024
capuano,chris,425626,capuc001,capuach01,1701,2003,2016
belisle,matt,279571,belim001,belisma01,1837,2003,2018
ryan,river,689981,ryanr003,ryanri01,-1,2024,2024
antolin,dustin,542884,antod001,antoldu01,7119,2016,2016
rondón,bruce,541652,rondb001,rondobr01,5766,2013,2018
colón,bartolo,112526,colob001,colonba01,375,1997,2018
ramos,cesár,459987,ramoc001,ramosce01,3357,2009,2016
álvarez,henderson,506693,alvah001,alvarhe01,5669,2011,2017
gutiérrez,vladimir,661269,gutiv001,gutievl01,19278,2021,2024
estrada,lazaro,681751,estrl002,estrala01,-1,2025,2025
reed,addison,592665,reeda001,reedad01,10586,2011,2018
leon,arnold,504186,leona001,leonar01,5595,2015,2016
quinn,roman,596451,quinr003,quinnro01,13546,2016,2022
ziegler,brad,446899,ziegb001,zieglbr01,7293,2008,2018
hernández,roberto,433584,carmf001,carmofa01,3273,2006,2016
harris,hobie,665048,harrh001,harriho02,18615,2023,2023
houser,adrian,605288,housa001,housead01,12718,2015,2025
phillips,connor,683175,philc001,phillco01,27649,2023,2025
soriano,rafael,400089,sorir001,soriara01,1100,2002,2015
brothers,rex,571521,brotr001,brothre01,9794,2011,2021
zulueta,yosver,691172,zuluy001,zulueyo01,-1,2024,2025
poche,colin,621363,pochc001,pocheco01,19403,2019,2025
owens,henry,596064,owenh002,owenshe02,13143,2015,2016
vizcaíno,arodys,527055,vizca001,vizcaar01,5498,2011,2022
romero,jojo,668941,romej002,romerjo01,19574,2020,2025
rucker,michael,621074,ruckm001,ruckemi01,19454,2021,2023
ottavino,adam,493603,ottaa001,ottavad01,1247,2010,2025
barreda,manny,518435,barrm004,barrema03,10148,2021,2021
nance,tommy,667297,nanct001,nanceto01,19178,2021,2025
holaday,bryan,592407,holab001,holadbr01,11287,2012,2021
walker,jeremy,668683,walkj002,walkeje02,19981,2019,2019
anderson,cody,594736,andec002,anderco01,12799,2015,2019
torres,josé,600526,torrj001,torrejo02,14957,2016,2017
sborz,josh,622250,sborj002,sborzjo01,18323,2019,2024
hart,kyle,606996,hartk002,hartky01,19646,2020,2025
strickland,hunter,519326,strih001,strichu01,7836,2014,2025
cecconi,slade,677944,ceccs001,ceccosl01,27500,2023,2025
merritt,ryan,607320,merrr001,merriry01,13688,2016,2017
sneed,cy,605482,sneec001,sneedcy01,16106,2019,2020
barnes,danny,592130,barnd002,barneda02,11388,2016,2018
lugo,seth,607625,lugos001,lugose01,12447,2016,2025
guilmet,preston,543258,guilp001,guilmpr01,7303,2013,2021
olmos,edgar,543607,olmoe001,olmosed01,10174,2013,2015
harrell,lucas,449173,harrl002,harrelu01,7541,2010,2017
ogasawara,shinnosuke,829272,ogass001,ogasash01,-1,2025,2025
allen,cody,592102,allec002,allenco01,12183,2012,2019
oviedo,juan carlos,434663,nunel001,nunezle01,2886,2005,2014
light,pat,572990,lighp001,lightpa01,13427,2016,2016
ureña,richard,620446,urenr001,urenari01,16411,2017,2019
arteaga,humberto,600858,arteh001,arteahu01,13595,2019,2021
criswell,jeff,676105,crisj001,criswje01,-1,2024,2024
jefferies,daulton,641726,jeffd001,jeffeda01,19345,2020,2024
caratini,víctor,605170,carav001,caratvi01,14968,2017,2025
criswell,cooper,681867,crisc002,criswco01,24975,2021,2025
lorenzen,michael,547179,lorem002,lorenmi01,14843,2015,2025
burawa,danny,592181,burad001,burawda01,11397,2015,2015
miller,mason,695243,millm004,millema03,31757,2023,2025
carrasco,carlos,471911,carrc003,carraca01,6632,2009,2025
naile,james,664942,nailj001,naileja01,18186,2022,2023
vodnik,victor,680767,vodnv001,vodnivi01,24614,2023,2025
kremer,dean,665152,kremd001,kremede01,19350,2020,2025
ramos,edubray,591693,ramoe002,ramosed02,16086,2016,2019
madris,bligh,676632,madrb002,madribl01,20054,2022,2024
gutiérrez,j. c.,434641,gutij002,gutieju01,3265,2007,2014
alvarado,josé,621237,alvaj004,alvarjo03,17780,2017,2025
vincent,nick,543883,vincn001,vinceni01,7555,2012,2021
silseth,chase,681217,silsc001,silsech01,30074,2022,2025
pannone,thomas,623381,pannt001,pannoth01,17281,2018,2023
minter,a. j.,621345,minta001,minteaj01,18655,2017,2025
vines,darius,670241,vined001,vinesda01,25928,2023,2024
lópez,pablo,641154,lopep002,lopezpa01,17085,2018,2025
webb,jacob,657097,webbj002,webbja01,19274,2019,2025
waguespack,jacob,621097,waguj001,wagueja01,18318,2019,2024
kelly,michael,547184,kellm004,kellymi03,12791,2022,2025
littell,zack,641793,littz001,litteza01,15823,2018,2025
tillman,chris,501957,tillc001,tillmch01,5279,2009,2018
gonzález,merandy,642571,gonzm007,gonzame01,17313,2018,2018
allard,kolby,663465,allak001,allarko01,18694,2018,2025
fermin,josé,820862,fermj002,fermijo02,-1,2025,2025
richards,trevor,670950,richt001,richatr01,19309,2018,2025
skubal,tarik,669373,skubt001,skubata01,22267,2020,2025
mckay,brendan,656713,mckab001,mckaybr01,20186,2019,2019
desclafani,anthony,543101,desca001,desclan01,13050,2014,2025
adam,jason,592094,adamj002,adamja01,11861,2018,2025
jameson,drey,686753,jamed003,jamesdr01,26260,2022,2025
fields,josh,451661,fielj002,fieldjo03,5070,2013,2018
quackenbush,kevin,534812,quack001,quackke01,12360,2014,2021
bautista,félix,642585,bautf001,bautife01,20666,2022,2025
fernández,josé,622774,fernj005,fernajo04,14733,2018,2019
zuñiga,guillo,670871,zunig001,zuniggu01,19588,2023,2024
strider,spencer,675911,stris002,stridsp01,27498,2021,2025
chafin,andrew,605177,chafa001,chafian01,12988,2014,2025
poteet,cody,547001,potec001,poteeco01,18769,2021,2025
patterson,red,572017,pattr002,pattere02,10710,2014,2014
jepsen,kevin,448178,jepsk001,jepseke01,6475,2008,2018
wisler,matt,605538,wislm001,wislema01,12804,2015,2022
vasquez,anthony,457786,vasqa001,vasquan01,6577,2011,2011
faria,jake,607188,farij001,fariaja01,13699,2017,2023
neshek,pat,450212,neshp001,neshepa01,4682,2006,2019
reyes,alex,621052,reyea004,reyesal02,15015,2016,2021
mcgowan,kevin,641850,mcgok001,mcgowke01,15215,2017,2017
abreu,bryan,650556,abreb002,abreubr01,16609,2019,2025
caminero,arquimedes,491708,camia001,caminar01,8992,2013,2016
cosart,jarred,543054,cosaj001,cosarja01,10304,2013,2017
knight,dusten,643400,knigd001,knighdu01,16537,2021,2022
kikuchi,yusei,579328,kikuy001,kikucyu01,20633,2019,2025
lee,c. c.,547348,lee-c004,leech01,5177,2013,2015
guyer,brandon,446386,guyeb001,guyerbr01,2636,2011,2018
atchison,scott,425786,atchs001,atchisc01,2642,2004,2015
keuchel,dallas,572971,keucd001,keuchda01,9434,2012,2024
zeuch,t. j.,643615,zeuct001,zeuchtj01,19269,2019,2022
bickford,phil,641360,bickp001,bickfph01,18519,2020,2024
thompson,keegan,624522,thomk002,thompke02,19795,2021,2024
hayes,drew,502457,hayed001,hayesdr01,10528,2016,2016
farrell,luke,608652,farrl001,farrelu01,15101,2017,2022
tully,tanner,668684,tullt001,tullyta01,19518,2022,2022
verlander,justin,434378,verlj001,verlaju01,8700,2005,2025
simmons,andrelton,592743,simma001,simmoan01,10847,2012,2022
alcalá,jorge,660896,alcaj001,alcaljo01,19459,2019,2025
lange,alex,656638,langa001,langeal01,19883,2021,2025
krehbiel,joey,607216,krehj001,krehbjo01,13707,2018,2023
corcino,daniel,542289,corcd001,corcida01,9266,2014,2018
bellozo,valente,678368,bellv001,bellova01,-1,2024,2025
waldichuk,ken,686610,waldk003,waldike01,27681,2022,2023
vásquez,randy,681190,vasqr001,vasqura02,24719,2023,2025
rumbelow,nick,592705,rumbn001,rumbeni01,14867,2015,2019
sánchez,sixto,664350,sancs001,sanchsi01,19680,2020,2024
hamels,cole,430935,hamec001,hamelco01,4972,2006,2020
gohara,luiz,627894,gohal001,goharlu01,15166,2017,2018
williams,jerome,425532,willj003,willije01,1137,2003,2016
gordon,colton,676467,gordc001,gordoco01,-1,2025,2025
díaz,yennsy,660546,diazy002,diazye01,20218,2019,2021
phillips,evan,623465,phile001,phillev01,17734,2018,2025
sucre,jesús,491696,sucrj001,sucreje01,5942,2013,2019
hultzen,danny,543343,hultd001,hultzda01,12874,2019,2019
hatcher,chris,501822,hatcc002,hatchch02,3299,2010,2018
díaz,jumbo,471822,diazj005,diazju03,3397,2014,2017
dana,caden,702674,danac001,danaca01,-1,2024,2025
hernandez,david,456696,hernd002,hernada01,4259,2009,2019
bard,luke,572703,bardl001,bardlu01,14288,2018,2022
heller,ben,621294,hellb001,hellebe01,15100,2016,2024
herrera,ronald,622703,herrr001,herrero01,15688,2017,2017
conley,adam,543045,conla001,conlead01,14457,2015,2021
deetz,dean,657209,deetd001,deetzde01,16687,2018,2018
wright,kyle,657140,wrigk001,wrighky01,19665,2018,2023
backhus,kyle,679775,backk001,backhky01,-1,2025,2025
weiss,zack,592848,weisz001,weissza01,15444,2018,2023
feigl,brady,621399,feigb001,feiglbr01,-1,2024,2024
winn,keaton,676775,winnk001,winnke01,23499,2023,2025
valdez,framber,664285,valdf001,valdefr01,17295,2018,2025
montgomery,mason,682254,montm003,montgma01,-1,2024,2025
dermody,matt,571616,dermm001,dermoma01,14844,2016,2023
beimel,joe,346847,beimj001,beimejo01,979,2001,2015
matzek,tyler,554431,matzt001,matzety01,10058,2014,2025
matthews,zebby,805673,mattz001,matthze01,31827,2024,2025
oswalt,corey,621261,oswac001,oswalco01,13677,2018,2021
garcia,robert,676395,garcr008,garciro04,23363,2023,2025
happ,j. a.,457918,happj001,happja01,7410,2007,2021
crick,kyle,605195,crick001,crickky01,13182,2017,2022
clevinger,mike,605182,clevm001,clevimi01,12808,2016,2025
danks,john,433579,dankj001,danksjo01,6329,2007,2016
rutledge,jackson,671131,rutlj002,rutleja01,26215,2023,2025
porcello,rick,519144,porcr001,porceri01,2717,2009,2020
stults,eric,445590,stule002,stulter01,8011,2006,2015
reed,chris,607068,reedc001,reedch01,12801,2015,2015
house,t. j.,543334,houst002,housetj01,9121,2014,2017
lynch,daniel,663738,lyncd001,lynchda02,21537,2021,2025
mcgough,scott,543518,mcgos001,mcgousc01,12056,2015,2025
o'loughlin,jack,672552,olouj001,olougja01,-1,2024,2024
moore,matt,519043,moorm003,moorema02,1890,2011,2024
ohtani,shohei,660271,ohtas001,ohtansh01,19755,2018,2025
buttó,josé,676130,buttj001,buttojo01,23313,2022,2025
tolleson,shawn,474521,tolls002,tollesh01,10481,2012,2016
aguiar,julian,687924,aguij002,aguiaju01,-1,2024,2024
de león,josé,592254,delej003,deleojo03,15463,2016,2025
miley,wade,489119,milew001,mileywa01,8779,2011,2025
rucinski,drew,607968,rucid001,rucindr01,12499,2014,2023
wolf,randy,150116,wolfr001,wolfra02,976,1999,2015
sanders,phoenix,676637,sandp003,sandeph01,20541,2022,2022
young,danny,664849,yound005,youngda02,18439,2022,2025
hernández,carlos,672578,hernc006,hernaca04,22713,2020,2025
ramos,aj,573109,ramoa001,ramosaj01,8350,2012,2021
blackburn,paul,621112,blacp001,blackpa01,14739,2017,2025
rowen,ben,594985,roweb001,rowenbe01,10983,2014,2021
venditte,pat,519381,vendp001,vendipa01,7108,2015,2020
montes de oca,christian,801216,montc003,montech01,-1,2025,2025
jacob,alek,689690,jacoa001,jacobal01,29628,2023,2025
jordan,taylor,518863,jordt001,jordata01,10466,2013,2015
arcia,orlando,606115,arcio002,arciaor01,13185,2016,2025
mercedes,yermín,606213,mercy001,merceye01,17423,2020,2022
jackson,zach,667427,jackz002,jacksza02,19493,2022,2023
guilbeau,taylor,607555,guilt001,guilbta01,18306,2019,2020
cruz,rhiner,462480,cruzr001,cruzrh01,711,2012,2018
bellatti,andrew,571479,bella001,bellaan01,10657,2015,2023
gervase,paul,801434,gervp001,gervapa01,-1,2025,2025
beck,chris,571476,beckc002,beckch02,13418,2015,2018
mazza,chris,607391,mazzc002,mazzach01,14151,2019,2022
aumont,phillippe,518418,aumop001,aumonph01,5362,2012,2015
seymour,ian,693855,seymi001,seymoia01,-1,2025,2025
masset,nick,434665,massn001,masseni01,7267,2006,2015
anderson,tanner,664196,andet003,anderta01,18029,2018,2021
thielbar,caleb,573204,thiec001,thielca01,10078,2013,2025
hagadone,nick,444935,hagan001,hagadni01,1351,2011,2015
lauer,eric,641778,lauee001,lauerer01,19316,2018,2025
newsome,ljay,664714,newsl001,newsolj01,19942,2020,2021
kline,branden,571858,klinb001,klinebr01,14101,2019,2020
pagán,emilio,641941,pagae001,paganem01,14771,2017,2025
wells,tyler,669330,wellt003,wellsty01,20000,2021,2025
woo,bryan,693433,woo-b001,woobr01,30279,2023,2025
nogowski,john,596056,nogoj001,nogowjo01,16852,2020,2021
romine,austin,519222,romia002,rominau01,5491,2011,2022
crowe,wil,640444,croww001,crowewi01,19800,2020,2023
priester,quinn,682990,prieq001,priesqu01,25977,2023,2025
solomon,peter,656981,solop001,solompe01,20476,2021,2023
henderson,jim,449104,hendj001,hendeji01,6653,2012,2016
whitley,forrest,666215,whitf002,whitlfo01,-1,2024,2025
germán,domingo,593334,germd001,germado01,17149,2017,2024
pino,yohan,464416,pinoy001,pinoyo01,6955,2014,2015
horton,cade,690990,hortc001,hortoca01,-1,2025,2025
spiers,carson,686730,spiec001,spierca01,27685,2023,2025
miller,bobby,676272,millb005,millebo06,27483,2023,2025
roa,christian,685005,roa-c001,roach02,-1,2025,2025
anderson,chase,502624,andec001,anderch01,6895,2014,2024
shaw,bryan,543766,shawb001,shawbr01,8110,2011,2024
dunshee,parker,670161,dunsp001,dunshpa01,-1,2024,2024
purke,matt,545357,purkm001,purkema01,12831,2016,2016
romine,andrew,461865,romia001,rominan01,1159,2010,2021
henriquez,ronny,678692,henrr001,henriro01,24094,2022,2025
fry,jace,605240,fry-j001,fryja01,16159,2017,2021
storen,drew,519322,stord001,storedr01,6983,2010,2017
broxton,jonathan,455009,broxj001,broxtjo01,4759,2005,2017
nelson,nick,656793,nelsn001,nelsoni01,20153,2020,2024
pelham,cd,641962,pelhc001,pelhacd01,19820,2018,2018
cruz,omar,678316,cruzo002,cruzom01,-1,2025,2025
pérez,óliver,424144,pereo002,perezol01,1514,2002,2022
carrillo,alex,692024,carra002,carrial01,-1,2025,2025
imanaga,shota,684007,imans001,imanash01,33829,2024,2025
peterson,tim,623402,petet001,peterti01,13946,2018,2019
hendrix,ryan,641682,hendr003,hendrry01,19535,2021,2022
thornton,matt,407819,thorm001,thornma01,1918,2004,2016
middleton,keynan,641871,middk001,middlke01,15264,2017,2023
morimando,shawn,596049,moris001,morimsh01,13606,2016,2021
thompson,jake,622097,thomj007,thompja03,14371,2016,2018
gossett,daniel,605254,gossd001,gosseda01,16164,2017,2018
black,mason,696131,blacm001,blackma01,-1,2024,2025
wright,jamey,124604,wrigj001,wrighja01,715,1996,2014
carpenter,david,502304,carpd001,carpeda01,3959,2011,2019
banda,anthony,607455,banda001,bandaan01,14706,2017,2025
skenes,paul,694973,skenp001,skenepa01,-1,2024,2025
mcarthur,james,663704,mcarj001,mcartja01,21527,2023,2024
peralta,sammy,671111,peras001,peralsa01,25589,2023,2025
gonsolin,tony,664062,gonst001,gonsoto01,19388,2019,2025
hernández,elieser,622694,herne002,hernael01,16933,2018,2024
boxberger,brad,502202,boxbb001,boxbebr01,10133,2012,2023
irvin,jake,663623,irvij001,irvinja01,21504,2023,2025
plutko,adam,592644,pluta001,plutkad01,15846,2016,2021
glover,koda,606983,glovk001,gloveko01,17695,2016,2018
axelrod,dylan,518420,axeld001,axelrdy01,9303,2011,2015
thompson,mason,666168,thomm005,thompma02,21850,2021,2025
kittredge,andrew,552640,kitta001,kittran01,12828,2017,2025
bradley,archie,605151,brada001,bradlar01,12918,2015,2023
maton,phil,664208,matop002,matonph01,18064,2017,2025
buehrle,mark,279824,buehm001,buehrma01,225,2000,2015
armstrong,shawn,542888,armss001,armstsh01,12857,2015,2025
parsons,wes,641149,parsw001,parsowe01,14764,2018,2024
foley,jason,671345,folej001,foleyja01,19531,2021,2024
suter,brent,608718,suteb001,suterbr01,13942,2016,2025
veal,donnie,453264,veald001,vealdo01,4741,2009,2015
schreiber,john,670167,schrj001,schrejo01,20020,2019,2025
wantz,andrew,681806,wanta001,wantzan01,24933,2021,2024
rocker,kumar,677958,rockk001,rockeku01,-1,2024,2025
buchanan,jake,594772,buchj001,buchaja01,10962,2014,2017
thomas,ian,621962,thomi001,thomaia01,13881,2014,2015
king,bryan,687911,kingb001,kingbr02,-1,2024,2025
white,owen,669391,whito001,whiteow01,22273,2023,2025
bird,jake,656234,birdj001,birdja01,21267,2022,2025
rogers,tyler,643511,roget002,rogerty01,15541,2019,2025
stewart,brock,592779,stewb001,stewabr01,16727,2016,2025
vespi,nick,663989,vespn001,vespini01,21093,2022,2024
waites,cole,686972,waitc001,waiteco01,25665,2022,2023
vanmeter,josh,642165,vanmj001,vanmejo01,15170,2019,2022
balester,collin,444446,balec001,balesco01,6883,2008,2015
rojas,miguel,500743,rojam002,rojasmi02,7802,2014,2025
mckenzie,triston,663474,mcket001,mckentr01,18000,2020,2025
smith,dylan,681916,smitd010,smithdy01,-1,2025,2025
aro,jonathan,608167,aro-j001,arojo01,14699,2015,2016
smith,will,519293,smitw002,smithwi04,8048,2012,2024
lazo,raudel,612272,lazor001,lazora01,14077,2015,2015
otañez,michel,671305,otanm001,otanemi01,-1,2024,2025
garza,matt,490063,garzm001,garzama01,3340,2006,2017
minaya,juan,573668,minaj001,minayju01,10341,2016,2022
alvarado,elvis,665660,alvae002,alvarel01,-1,2025,2025
fujinami,shintaro,660261,fujis001,fujinsh01,31839,2023,2023
walker,ryan,676254,walkr001,walkery01,20423,2023,2025
field,johnny,608654,fielj003,fieldjo04,15048,2018,2018
pinder,branden,572038,pindb001,pindebr01,12093,2015,2016
long,sam,669674,longs002,longsa01,25379,2021,2025
sedlock,cody,642060,sedlc001,sedloco01,19357,2022,2022
herget,kevin,643361,hergk001,hergeke01,15369,2022,2025
ellis,chris,595939,ellic001,ellisch01,16125,2019,2022
martin,corbin,656686,martc009,martico02,19884,2019,2025
tejada,rubén,514913,tejar001,tejadru01,5519,2010,2019
worley,vance,474699,worlv001,worleva01,6435,2010,2017
gsellman,robert,607229,gselr001,gsellro01,13696,2016,2022
treinen,blake,595014,treib001,treinbl01,12572,2014,2025
anderson,grant,681982,andeg002,andergr01,20546,2023,2025
guerrero,tayron,594027,guert001,guerrta01,11691,2016,2019
capps,carter,605169,cappc001,cappsca01,12803,2012,2017
gaudin,chad,429985,gaudc001,gaudich01,1783,2003,2013
melton,troy,675512,meltt001,meltotr01,-1,2025,2025
feliz,neftalí,491703,felin001,felizne01,18,2009,2021
senzatela,antonio,622608,senza001,senzaan01,15488,2017,2025
weber,ryan,543901,weber001,weberry01,10160,2015,2023
rodriguez,fernando,451775,rodrf004,rodrife02,7558,2009,2016
fleming,josh,676596,flemj001,flemijo01,20418,2020,2024
castro,anthony,621593,casta005,castran02,19789,2020,2022
wong,jake,673858,wongj001,wongja01,23095,2023,2023
garcía,yimi,554340,garcy001,garciyi01,12095,2014,2025
marcum,shaun,451788,marcs001,marcush01,6204,2005,2015
scott,tayler,605463,scott004,scottta02,13652,2019,2025
whitley,chase,595032,whitc001,whitlch01,10982,2014,2018
melville,tim,543532,melvt001,melviti01,9149,2016,2019
estes,joey,683155,estej001,estesjo01,26257,2023,2025
mejía,adalberto,606167,mejia001,mejiaad01,13188,2016,2019
rodríguez,manuel,655889,rodrm001,rodrima01,20794,2021,2025
wade,konner,592831,wadek001,wadeko01,14655,2021,2021
knizner,andrew,668800,kniza001,kniznan01,19514,2019,2025
drake,oliver,543118,drako001,drakeol01,8823,2015,2020
mella,keury,622492,mellk001,mellake01,15964,2017,2021
cabrera,mauricio,606291,cabrm003,cabrema01,12975,2016,2016
zobrist,ben,450314,zobrb001,zobribe01,7435,2006,2019
cashner,andrew,488768,casha001,cashnan01,8782,2010,2019
romero,jhon,664584,romej003,romerjh01,19940,2021,2022
riefenhauser,c. j.,592677,riefc001,riefecj01,11193,2014,2015
smeltzer,devin,656970,smeld001,smeltde01,19487,2019,2023
concepción,gerardo,615868,concg001,concege01,14411,2016,2016
marsh,alec,679525,marsa001,marshal01,27451,2023,2024
norris,bud,502032,norrb001,norribu01,9492,2009,2018
villar,david,681584,villd001,villada01,24782,2022,2025
severino,anderson,644429,sevea002,severan01,20582,2022,2022
then,juan,672730,thenj001,thenju01,22828,2023,2023
senga,kodai,673540,sengk001,sengako01,31838,2023,2025
perdomo,ángel,622780,perda001,perdoan01,17759,2020,2025
steele,justin,657006,steej002,steelju01,17312,2021,2025
hunter,tommy,488984,huntt002,hunteto02,1157,2008,2023
jenkins,tyrell,592433,jenkt001,jenkity01,11378,2016,2016
rosso,ramón,665759,rossr003,rossora01,20368,2020,2021
mann,brandon,448167,mannb001,mannbr01,5172,2018,2018
burnes,corbin,669203,burnc002,burneco01,19361,2018,2025
crismatt,nabil,622503,crisn001,crismna01,17732,2020,2025
payamps,joel,606303,payaj001,payamjo01,14332,2019,2025
frankoff,seth,571676,frans001,frankse01,11346,2017,2021
kolek,stephen,663568,koles001,kolekst01,21487,2024,2025
milner,hoby,571948,milnh001,milneho01,13346,2017,2025
duplantier,jon,641541,duplj001,duplajo01,19546,2019,2021
feierabend,ryan,456387,feier001,feierry01,6336,2006,2019
hughes,phil,461833,hughp001,hugheph01,7450,2007,2018
ramsey,matt,543677,ramsm003,ramsema01,14460,2019,2019
rogers,jake,668670,rogej004,rogerja03,19452,2019,2025
hardy,blaine,543278,hardb001,hardybl01,6499,2014,2021
speier,gabe,642100,speig001,speiega01,17170,2019,2025
emanuel,kent,592288,emank001,emanuke01,15849,2021,2024
kelly,carson,608348,kellc002,kellyca02,13620,2016,2025
mejía,humberto,650668,mejih001,mejiahu01,20739,2020,2021
abel,mick,690953,abelm001,abelmi01,-1,2025,2025
barnes,jacob,606930,barnj002,barneja01,12323,2016,2025
sanchez,ricardo,645307,sancr003,sanchri01,17581,2020,2020
brieske,beau,689225,brieb001,briesbe01,26079,2022,2025
hendriks,liam,521230,hendl001,hendrli01,3548,2011,2025
lindgren,jeff,689167,lindj006,lindgje01,25830,2023,2023
girodo,chad,643325,giroc001,girodch01,15542,2016,2016
cruz,fernando,518585,cruzf002,cruzfe01,7048,2022,2025
jurado,ariel,642558,juraa001,juradar01,17030,2018,2020
duffy,matt,622110,duffm002,duffyma01,13836,2014,2024
hill,tim,657612,hillt002,hillti01,16814,2018,2025
sandlin,nick,680704,sandn001,sandlni01,20517,2021,2025
fisher,braydon,680755,fishb002,fishebr02,-1,2025,2025
hudson,bryan,663542,hudsb001,hudsobr01,19924,2023,2025
phelps,david,475479,pheld001,phelpda01,6316,2012,2022
doolittle,sean,448281,dools001,doolise01,1581,2012,2022
suárez,albert,544150,suara001,suareal01,6175,2016,2025
quintana,jose,500779,quinj001,quintjo01,11423,2012,2025
hoffman,nolan,676510,hoffn001,hoffmno01,-1,2025,2025
jennings,dan,543359,jennd003,jennida01,8073,2012,2019
hernández,jonathan,642546,hernj004,hernajo02,17464,2019,2024
alburquerque,al,456379,albua001,albural01,6324,2011,2017
rosin,seth,519229,rosis001,rosinse01,10606,2014,2015
snead,kirby,669912,sneak001,sneadki01,19179,2021,2024
shuster,jared,694363,shusj001,shustja01,27472,2023,2025
triggs,andrew,592811,triga001,triggan01,13533,2016,2020
rodríguez,wilking,516853,rodrw003,rodriwi02,8801,2014,2014
martinez,adrián,661309,marta006,martiad01,21023,2022,2023
britton,zack,502154,britz001,brittza01,3240,2011,2022
morgan,adam,605388,morga001,morgaad01,12580,2015,2021
wilkerson,stevie,592859,wilks001,wilkest01,16041,2018,2021
schultz,paxton,687606,schup002,schulpa01,-1,2025,2025
cortés,néstor,641482,cortn001,cortene01,17874,2018,2025
minor,mike,501985,minom001,minormi01,10021,2010,2022
rasmussen,drew,656876,rasmd002,rasmudr01,25385,2020,2025
frías,luis,666818,frial001,friaslu01,21997,2021,2024
evans,logan,688138,evanl001,evanslo01,-1,2025,2025
wentz,joey,666214,wentj001,wentzjo01,19962,2022,2025
mcgrath,kyle,657681,mcgrk001,mcgraky01,16793,2017,2018
gibaut,ian,664139,gibai001,gibauia01,17871,2019,2025
feldman,scott,444857,felds001,feldmsc01,6283,2005,2017
delabar,steve,447755,delas001,delabst01,11827,2011,2016
estévez,carlos,608032,estec001,estevca01,14542,2016,2025
swarmer,matt,664161,swarm001,swarmma01,19705,2022,2022
oviedo,johan,670912,oviej001,oviedjo01,22487,2020,2025
beeks,jalen,656222,beekj001,beeksja02,17192,2018,2025
vieaux,cam,664944,vieac001,vieauca01,19529,2022,2022
villalobos,eli,681871,ville003,villael02,-1,2024,2024
lucas,easton,687922,lucae002,lucasea01,26058,2023,2025
castellani,ryan,624418,castr005,castery01,16377,2020,2022
kuhnel,joel,669270,kuhnj001,kuhnejo01,19995,2019,2024
crawford,brandon,543063,crawb001,crawfbr01,5343,2011,2024
dozier,hunter,641531,dozih001,doziehu01,15117,2016,2023
navarro,edgar,679346,navae002,navared01,24363,2023,2023
montgomery,mike,543557,montm002,montgmi01,4869,2015,2020
de los santos,abel,593582,deloa001,delosab01,12962,2015,2016
ortega,oliver,661383,orteo001,ortegol01,21025,2021,2023
herz,dj,687792,herzd001,herzdj01,-1,2024,2024
dubin,shawn,681869,dubis001,dubinsh01,24977,2023,2025
durapau,montana,657566,duram002,durapmo01,16768,2019,2019
naughton,packy,676050,naugp001,naughpa01,23292,2021,2023
duffy,danny,518633,duffd001,duffyda01,3542,2011,2021
mccreery,adam,607030,mccra001,mccread01,19550,2018,2018
ortiz,luis,656814,ortil002,ortizlu02,16942,2018,2024
crawford,kutter,676710,crawk001,crawfku01,20531,2021,2024
peralta,wandy,593974,peraw002,peralwa01,14295,2016,2025
winkler,dan,595465,winkd001,winklda01,12237,2015,2021
varland,louis,686973,varll001,varlalo01,27691,2022,2025
hoffman,jeff,656546,hoffj003,hoffmje02,17432,2016,2025
mahle,greg,657670,mahlg001,mahlegr01,16877,2016,2016
baz,shane,669358,baz-s001,bazsh01,22264,2021,2025
suárez,ranger,624133,suarr001,suarera01,17277,2018,2025
wilhelmsen,tom,452666,wilht001,wilheto01,9975,2011,2017
abad,fernando,472551,abadf001,abadfe01,4994,2010,2023
gant,john,607231,gantj002,gantjo01,13684,2016,2021
winans,allan,642216,winaa001,winanal01,21238,2023,2025
adams,travis,701519,adamt002,adamstr01,-1,2025,2025
brogdon,connor,641401,brogc001,brogdco01,21205,2020,2025
st. john,locke,657766,stjol001,stjohlo01,16850,2019,2022
cole,taylor,518566,colet001,coleta01,11964,2017,2019
vargas,ildemaro,545121,vargi001,vargail01,13324,2017,2025
agnos,zach,688642,agnoz001,agnosza01,-1,2025,2025
curtis,zac,657205,curtz001,curtiza01,16684,2016,2018
decker,jaff,543094,deckj001,deckeja01,7945,2013,2017
medina,adonis,658431,media001,medinad01,19903,2020,2022
luplow,jordan,656669,luplj001,luplojo01,16424,2017,2023
johnson,dj,597113,johnd005,johnsdj01,12578,2018,2021
edwards,carl,605218,edwac001,edwarca01,13607,2015,2025
norwood,james,656803,norwj001,norwoja01,16440,2018,2022
saalfrank,andrew,685314,saala001,saalfan01,26203,2023,2025
hu,chih-wei,629496,hu--c002,huch02,16419,2017,2018
effross,scott,664123,effrs001,effrosc01,18384,2021,2025
casilla,santiago,433586,garcj002,garcija01,2873,2004,2018
severino,atahualpa,463037,sevea001,severat01,5332,2011,2011
lópez,jorge,605347,lopej004,lopezjo02,14527,2015,2025
james,josh,657624,jamej002,jamesjo02,16794,2018,2021
zimmermann,bruce,669145,zimmb002,zimmebr02,20370,2020,2025
sandridge,jayvien,682144,sandj003,sandrja01,-1,2025,2025
o'day,darren,503285,odayd001,odayda01,3321,2008,2022
houck,tanner,656557,houct001,houckta01,19879,2020,2025
madson,ryan,425492,madsr001,madsory01,1852,2003,2018
scahill,rob,543746,scahr001,scahiro01,9286,2012,2018
santana,ervin,429722,sante001,santaer01,3200,2005,2021
bibens-dirkx,austin,502212,bibea001,bibenau01,9559,2017,2018
yardley,eric,642233,yarde001,yardler01,15538,2019,2021
robertson,nick,687798,roben002,roberni01,26226,2023,2024
willingham,amos,686294,willa004,william01,26128,2023,2024
kilome,franklyn,642584,kilof001,kilomfr01,17861,2020,2020
blair,aaron,594760,blaia001,blairaa01,14934,2016,2017
shreve,chasen,592741,shrec001,shrevch01,10855,2014,2024
arcia,francisco,516472,arcif001,arciafr01,10286,2018,2018
johnson,ryan,696270,johnr010,johnsry01,-1,2025,2025
rodgers,brady,572086,rodgb001,rodgebr01,13393,2016,2019
aldegheri,sam,691951,aldes001,aldegsa01,-1,2024,2025
stites,matt,592781,stitm001,stitema01,12165,2014,2015
liberatore,adam,571893,libea001,liberad01,10637,2015,2018
rosenberg,kenny,670046,rosek001,rosenke01,20009,2022,2024
peralta,wily,503449,peraw001,peralwi01,7738,2012,2022
ray,robbie,592662,ray-r002,rayro02,11486,2014,2025
aguilar,miguel,620396,aguim001,aguilmi01,19246,2021,2021
gonzales,marco,594835,gonzm005,gonzama02,15467,2014,2024
aquino,jayson,593969,aquij001,aquinja01,13150,2016,2017
suarez,josé,660761,suarj001,suarejo01,19911,2019,2025
magill,matt,543483,magim001,magilma01,3950,2013,2020
toussaint,touki,657053,toust001,toussto01,16929,2018,2025
sampson,adrian,592716,sampa001,sampsad01,13339,2016,2022
alzolay,adbert,640470,alzoa001,alzolad01,17859,2019,2024
mlodzinski,carmen,669387,mlodc001,mlodzca01,27572,2023,2025
sabathia,cc,282332,sabac001,sabatc.01,404,2001,2019
goody,nick,580792,goodn001,goodyni01,13685,2015,2020
oaks,trevor,656805,oakst001,oakstr01,16468,2018,2018
caballero,josé,676609,cabaj001,cabaljo01,23401,2023,2025
wallner,matt,670242,wallm001,wallnma01,26466,2022,2025
rzepczynski,marc,519240,rzepm001,rzepcma01,6612,2009,2018
morris,cody,663752,morrc001,morrico01,25388,2022,2023
rodríguez,jefry,622446,rodrj005,rodrije01,17018,2018,2021
wood,hunter,621056,woodh001,woodhu01,15091,2017,2021
koss,christian,683766,kossc001,kossch01,-1,2025,2025
torres,carlos,448614,torrc001,torreca01,7624,2009,2019
uceta,edwin,670955,ucete001,ucetaed01,20539,2021,2025
olson,tyler,621397,olsot002,olsonty01,14741,2015,2019
thornton,trent,663423,thort002,thorntr01,17948,2019,2025
guaipe,mayckol,515052,guaim001,guaipma01,11663,2015,2016
harris,mitch,518771,harrm002,harrimi03,4530,2015,2015
sammons,bryan,676614,sammb001,sammobr01,-1,2024,2024
tsao,chin-hui,425835,tsaoc001,tsaoch01,1776,2003,2016
holder,jonathan,656547,holdj002,holdejo02,16588,2016,2020
de los santos,yerry,660787,deloy001,delosye01,21420,2022,2025
rollins,david,543716,rolld002,rollida01,11928,2015,2016
murray,jayden,681151,murrj001,murraja01,-1,2025,2025
kirby,george,669923,kirbg001,kirbyge01,25436,2022,2025
fedde,erick,607200,fedde001,feddeer01,17425,2017,2025
lowther,zac,675912,lowtz001,lowthza01,20243,2021,2022
adams,austin,613534,adama002,adamsau02,13801,2017,2024
chen,wei-yin,612672,chenw001,chenwe02,13071,2012,2019
oberg,scott,623184,obers001,obergsc01,13911,2015,2019
crouse,hans,668968,crouh001,crousha01,22192,2021,2024
sweet,devin,682967,sweed002,sweetde01,25348,2023,2023
schmidt,clarke,657376,schmc002,schmicl01,19899,2020,2025
pomeranz,drew,519141,pomed001,pomerdr01,11426,2011,2025
brady,michael,572728,bradm002,bradymi01,8461,2017,2017
mayza,tim,641835,mayzt001,mayzati01,15042,2017,2025
sadzeck,connor,592712,sadzc001,sadzeco01,13483,2018,2022
pinto,ricardo,620982,pintr002,pintori01,16318,2017,2024
magnifico,damien,571911,magnd001,magnida01,13395,2016,2017
leblanc,wade,453281,leblw001,leblawa01,5221,2008,2021
pounders,brooks,572044,pounb001,poundbr01,10387,2016,2019
kelly,kevin,687330,kellk004,kellyke02,25679,2023,2025
smith,chris,627262,smitc005,smithch10,14449,2017,2017
labourt,jairo,607951,laboj001,labouja01,14996,2017,2017
cotham,caleb,571584,cothc001,cothaca01,10075,2015,2016
pérez,carlos,542208,perec003,perezca02,10642,2015,2023
frare,caleb,621350,frarc001,frareca01,14353,2018,2019
davidson,tucker,656353,davit005,davidtu01,19871,2020,2024
marte,josé,665896,martj010,martejo01,21761,2021,2024
gose,anthony,543238,gosea001,gosean01,5097,2012,2024
escobar,luis,650813,escol001,escoblu01,17345,2019,2019
kelly,joe,523260,kellj001,kellyjo05,9761,2012,2024
mccullers,lance,621121,mccul002,mcculla02,14120,2015,2025
smith,chad,663385,smitc007,smithch12,20190,2022,2023
scribner,evan,519267,scrie001,scribev01,7525,2011,2017
lannan,john,458709,lannj001,lannajo01,7080,2007,2014
hoover,j. j.,543331,hoovj002,hoovejj01,9037,2012,2018
carlton,drew,656290,carld003,carltdr01,19868,2021,2023
giles,ken,571704,gilek001,gileske01,12910,2014,2022
henry,tommy,674072,henrt001,henryto01,26285,2022,2025
vázquez,felipe,553878,rivef001,riverfe01,12076,2015,2019
wright,wesley,449079,wrigw001,wrighwe01,5960,2008,2015
harang,aaron,421685,haraa001,haranaa01,1451,2002,2015
cabrera,edwar,542369,cabre002,cabreed01,9211,2012,2012
ryan,ryder,656924,ryanr002,ryanry01,19891,2023,2024
bielak,brandon,656232,bielb001,bielabr01,19866,2020,2024
teherán,julio,527054,tehej001,teherju01,6797,2011,2024
mathisen,wyatt,621500,mathw001,mathiwy01,14555,2020,2021
gibson,cade,806188,gibsc001,gibsoca01,-1,2025,2025
nelson,jimmy,519076,nelsj004,nelsoji02,10547,2013,2021
leiter,jack,683004,leitj001,leiteja01,-1,2024,2025
pereda,jhonny,640902,perej004,peredjh01,-1,2024,2025
curry,xzavion,675540,currx001,curryxz01,25595,2022,2025
busenitz,alan,641427,busea001,busenal01,15239,2017,2024
phillips,tyler,663969,philt002,phillty01,-1,2024,2025
schlitter,brian,489295,schlb001,schlibr01,3599,2010,2019
smith,josh,605479,smitj006,smithjo08,13629,2019,2020
urquidy,josé,664353,urquj001,urquijo01,18413,2019,2025
pfaadt,brandon,694297,pfaab001,pfaadbr01,27782,2023,2025
sherriff,ryan,595411,sherr001,sherrry01,12249,2017,2023
garza,justin,621057,garzj001,garzaju01,19784,2021,2025
fujikawa,kyuji,493117,fujik001,fujikky01,14443,2013,2015
tice,ty,676709,ticet001,ticety01,20177,2021,2021
andriese,matt,542882,andrm001,andrima01,12022,2015,2024
woodruff,brandon,605540,woodb005,woodrbr01,16162,2017,2025
dowdy,kyle,664871,dowdk001,dowdyky01,19285,2019,2022
brown,mccade,685326,browm007,brownmc01,-1,2025,2025
whitley,kodi,676831,whitk001,whitlko01,19731,2020,2022
mcdaniels,garrett,680729,mcdag001,mcdanga01,-1,2025,2025
drury,brandon,592273,drurb001,drurybr01,11615,2015,2024
familia,jeurys,544727,famij001,familje01,5114,2012,2023
sampson,keyvius,572102,sampk001,sampske01,10039,2015,2016
cavalli,cade,676917,cavac001,cavalca01,27473,2022,2025
faedo,alex,656412,faeda001,faedoal01,19874,2022,2024
vanwey,logan,701121,vanwl001,vanwelo01,-1,2025,2025
uelmen,erich,657272,uelme001,uelmeer01,20323,2022,2023
rodriguez,chris,669735,rodrc002,rodrich01,22310,2021,2021
williams,luke,663897,willl001,willilu01,19931,2021,2025
rodríguez,richard,593144,rodrr008,rodriri05,13549,2017,2021
vest,will,676684,vestw001,vestwi01,19769,2021,2025
falter,bailey,663559,faltb001,falteba01,20070,2021,2025
santos,sergio,435045,sants001,santose01,4734,2010,2015
beeter,clayton,690925,beetc001,beetecl01,27494,2024,2025
ynoa,michael,573589,ynoam001,ynoami01,14093,2016,2017
fry,david,681807,fry-d001,fryda01,24934,2023,2025
kuhl,chad,641771,kuhlc001,kuhlch01,14975,2016,2024
correia,kevin,429781,corrk001,correke01,1767,2003,2015
álvarez,josé,501625,alvaj003,alvarjo02,5358,2013,2022
osuna,josé,591741,osunj001,osunajo01,12937,2017,2020
mcguire,deck,592547,mcgud001,mcguide02,11596,2017,2018
hernández,félix,433587,hernf002,hernafe02,4772,2005,2019
greene,conner,641632,greec004,greenco01,16455,2021,2021
pilkington,konnor,663455,pilkk001,pilkiko01,21453,2022,2025
bradley,taj,671737,bradt002,bradlta01,22543,2023,2025
archer,chris,502042,archc001,archech01,6345,2012,2022
roberts,kenny,594977,robek002,roberke02,10938,2015,2015
bettinger,alec,676424,betta001,bettial01,20312,2021,2021
williamson,brandon,682227,willb003,willibr02,25463,2023,2024
rodríguez,elvin,660730,rodre005,rodriel02,20962,2022,2025
miller,bryce,682243,millb004,millebr04,29837,2023,2025
goudeau,ashton,623485,gouda001,goudeas01,15139,2020,2022
ramírez,ramón,430673,ramir003,ramirra02,7986,2006,2014
gomes,brandon,460156,gomeb001,gomesbr01,2267,2011,2015
flynn,brian,543169,flynb001,flynnbr01,12027,2013,2019
finnegan,brandon,605232,finnb001,finnebr01,16208,2014,2018
early,connelly,813349,earlc001,earlyco01,-1,2025,2025
warren,austin,681810,warra003,warreau01,24937,2021,2025
hildenberger,trevor,657610,hildt001,hildetr01,17002,2017,2021
esch,jake,605222,eschj001,eschja01,12756,2016,2017
luebke,cory,458537,luebc001,luebkco01,1984,2010,2016
rodón,carlos,607074,rodoc001,rodonca01,16137,2015,2025
jeffress,jeremy,502026,jeffj001,jeffrje01,9490,2010,2020
reyes,pablo,622569,reyep001,reyespa01,16357,2018,2025
osuna,roberto,532077,osunr001,osunaro01,13764,2015,2020
bednar,david,670280,bednd001,bednada01,19569,2019,2025
o'brien,riley,676617,obrir001,obrieri01,20348,2021,2025
abreu,albert,656061,abrea001,abreual01,17485,2020,2023
abbott,andrew,671096,abboa001,abbotan01,29911,2023,2025
liz,radhames,467785,liz-r001,lizra01,5843,2007,2015
castillo,luis,622379,castl004,castilu03,20638,2022,2025
holloway,jordan,656548,hollj002,hollojo01,20631,2020,2022
mendick,danny,664901,mendd002,mendida01,18889,2019,2024
wojciechowski,asher,592879,wojca001,wojcias01,10836,2015,2021
france,ty,664034,frant002,francty01,17982,2019,2025
santillan,tony,663574,santt001,santito01,19926,2021,2025
smith,dominic,642086,smitd008,smithdo02,15653,2017,2025
slegers,aaron,642083,slega001,slegeaa01,15231,2017,2021
finnegan,kyle,640448,finnk001,finneky01,15009,2020,2025
smith,josh,595001,smitj004,smithjo07,10946,2015,2020
barnette,tony,501817,barnt002,barneto01,3555,2016,2019
bettis,chad,518452,bettc001,bettich01,10587,2013,2019
chapman,kevin,502087,chapk002,chapmke02,11240,2013,2016
gillaspie,logan,670810,gilll001,gillalo01,22461,2022,2025
plesac,zach,668676,plesz001,plesaza01,19979,2019,2024
gagnon,drew,543193,gagnd001,gagnodr01,12545,2018,2019
ege,cody,643297,ege-c001,egeco01,15928,2016,2016
beaty,matt,607461,beatm001,beatyma01,17710,2019,2023
gerber,joey,680702,gerbj001,gerbejo01,24591,2020,2025
bristo,braden,668754,brisb001,bristbr01,20494,2023,2023
gott,trevor,641627,gottt001,gotttr01,15046,2015,2023
iglesias,raisel,628452,igler001,iglesra01,17130,2015,2025
albers,andrew,452027,albea001,alberan01,7853,2013,2021
allen,logan,671106,allel003,allenlo02,27589,2023,2025
sobotka,chad,656977,soboc001,sobotch01,17470,2018,2020
guerrieri,taylor,605260,guert002,guerrta02,13616,2018,2019
aoki,nori,493114,aokin001,aokino01,13075,2012,2017
sanchez,aaron,592717,sanca006,sanchaa01,11490,2014,2022
cishek,steve,518553,cishs001,cishest01,6483,2010,2022
parker,mitchell,680730,parkm001,parkemi01,-1,2024,2025
anderson,tyler,542881,andet002,anderty01,12880,2016,2025
biagini,joe,607352,biagj001,biagijo01,13194,2016,2021
rogers,josh,642028,rogej003,rogerjo01,18510,2018,2024
davis,rookie,606959,davir004,davisro03,14962,2017,2019
gaviglio,sam,543208,gavis001,gavigsa01,12778,2017,2020
wilson,c. j.,450351,wilsc004,wilsocj01,3580,2005,2015
uribe,abner,682842,uriba001,uribeab01,25327,2023,2025
pint,riley,666207,pintr004,pintri01,21858,2023,2024
blandino,alex,607468,blana002,blandal01,16271,2018,2021
chargois,j. t.,608638,charj001,chargjt01,13767,2016,2024
infante,greg,500872,infag001,infangr01,9119,2010,2018
brebbia,john,605154,brebj001,brebbjo01,12777,2017,2025
dickson,brandon,505447,dickb001,dicksbr01,6979,2011,2021
darnell,dugan,699911,darnd001,darnedu01,-1,2025,2025
paredes,eduardo,622161,paree001,pareded01,16344,2017,2018
reynolds,matt,608703,reynm003,reynoma03,13788,2016,2023
kent,zak,687849,kentz001,kentza01,-1,2025,2025
gardewine,nick,643320,gardn001,gardeni01,16513,2017,2018
castro,simón,501563,casts002,castrsi01,9243,2013,2017
stratton,hunter,676702,strah001,strathu01,23455,2023,2025
hall,cody,595235,hallc001,hallco01,12232,2015,2016
lopez,jacob,682052,lopej007,lopezja04,25098,2023,2025
sauer,matt,669422,sauem001,sauerma01,22284,2024,2025
wrobleski,justin,680736,wrobj001,wroblju01,-1,2024,2025
guillorme,luis,641645,guill001,guilllu01,16451,2018,2025
clement,ernie,676391,cleme002,clemeer01,20352,2021,2025
henry,cole,669371,henrc001,henryco01,-1,2025,2025
lyons,tyler,544928,lyont001,lyonsty01,11334,2013,2020
reed,jake,596082,reedj005,reedja02,16209,2021,2023
szapucki,thomas,663378,szapt001,szaputh01,21065,2021,2022
helsley,ryan,664854,helsr001,helslry01,18138,2019,2025
scrubb,andre,668687,scrua001,scruban01,20329,2020,2021
reyes,denyi,660593,reyed002,reyesde02,20526,2022,2023
lowder,rhett,695076,lowdr001,lowderh01,-1,2024,2024
montero,miguel,471083,montm001,montemi01,3364,2006,2018
brentz,jake,641394,brenj001,brentja01,17783,2021,2022
de los santos,enyel,660853,deloe001,delosen01,18403,2018,2025
kelly,ryan,502462,kellr001,kellyry01,4858,2015,2015
nardi,andrew,677053,narda001,nardian01,25942,2022,2024
shuck,jb,543776,shucj001,shuckja01,6677,2011,2019
peguero,joel,666711,peguj003,peguejo01,-1,2025,2025
covey,dylan,592229,coved001,coveydy01,14825,2017,2023
wicks,jordan,696136,wickj001,wicksjo01,30094,2023,2025
harris,hogan,663687,harrh002,harriho03,21520,2023,2025
graceffo,gordon,700669,gracg001,gracego01,-1,2024,2025
elías,roenis,606273,eliar001,eliasro01,12673,2014,2022
hammer,j. d.,670456,hammj003,hammejd01,19548,2019,2021
ramírez,josé,542432,ramij004,ramirjo02,10171,2014,2018
chirinos,yonny,630023,chiry001,chiriyo01,16401,2018,2024
gordon,alex,460086,gorda001,gordoal01,5209,2007,2020
mccaughan,darren,670766,mccad002,mccauda01,20038,2021,2025
ramírez,carlos,570702,ramic001,ramirca01,11743,2017,2018
corbin,patrick,571578,corbp001,corbipa01,9323,2012,2025
baker,bryan,641329,bakeb001,bakerbr01,19804,2021,2025
mederos,victor,682989,medev001,medervi01,31533,2023,2025
leach,brent,489052,leacb001,leachbr01,4576,2009,2009
hernández,enrique,571771,herne001,hernaen02,10472,2014,2025
bloss,jake,814005,blosj001,blossja01,33168,2024,2024
castellanos,humberto,528748,casth002,castehu01,21183,2020,2024
samardzija,jeff,502188,samaj001,samarje01,3254,2008,2020
snelten,d. j.,592769,sneld001,sneltdj01,15949,2018,2018
voth,austin,608723,votha001,vothau01,15047,2018,2024
colomé,alex,517008,coloa001,colomal01,6661,2013,2023
oller,adam,670124,ollea001,ollerad01,20132,2022,2024
doyle,tommy,656382,doylt001,doyleto01,21281,2020,2023
breslow,craig,444520,bresc001,breslcr01,4363,2005,2017
rogers,taylor,573124,roget001,rogerta01,13449,2016,2025
nicolino,justin,592593,nicoj001,nicolju01,11754,2015,2017
darvish,yu,506433,darvy001,darviyu01,13074,2012,2025
martes,francis,642564,martf003,martefr01,17303,2017,2017
kay,anthony,641743,kay-a001,kayan01,20387,2019,2023
barlow,joe,669618,barlj001,barlojo01,22296,2021,2023
aardsma,david,430911,aardd001,aardsda01,1902,2004,2015
civale,aaron,650644,civaa001,civalaa01,19479,2019,2025
guerra,junior,448855,guerj003,guerrju02,5702,2015,2021
alvarez,andrew,674841,alvaa003,alvaran01,-1,2025,2025
paddack,chris,663978,paddc001,paddach01,20099,2019,2025
walden,marcus,519393,waldm002,waldema01,8004,2018,2020
brito,jhony,666745,britj003,britojh01,25386,2023,2024
stephenson,robert,596112,stepr002,stephro01,13594,2016,2025
mcfarland,t. j.,519008,mcfat001,mcfartj01,3237,2013,2025
lackey,john,407793,lackj001,lackejo01,1507,2002,2017
kavadas,niko,694359,kavan001,kavadni01,-1,2024,2025
gimenez,chris,460269,gimec001,gimench01,7324,2009,2018
baragar,caleb,670056,barac001,baragca01,19231,2020,2021
gonzález,wikelman,682790,gonzw002,gonzawi02,-1,2025,2025
dreyer,jack,676263,dreyj001,dreyeja01,-1,2025,2025
kaprielian,james,621076,kaprj001,kaprija01,18331,2020,2023
heaney,andrew,571760,heana001,heanean01,15423,2014,2025
deduno,sam,465679,dedus001,dedunsa01,5285,2010,2015
lyles,jordan,543475,lylej001,lylesjo01,7593,2011,2024
walston,blake,686796,walsb001,walstbl01,-1,2024,2024
taylor,blake,642130,taylb004,taylobl01,16418,2020,2022
schlittler,cam,693645,schlc001,schlica01,-1,2025,2025
mey,luis,682825,mey-l001,meylu01,-1,2025,2025
gonzález,chi chi,592346,gonzc002,gonzach01,14663,2015,2023
moreta,dauri,664294,mored002,moretda01,21101,2021,2025
walter,brandon,687888,waltb002,waltebr01,26056,2023,2025
iwakuma,hisashi,547874,iwakh001,iwakuhi01,13048,2012,2017
ryan,kyle,594986,ryank002,ryanky01,11753,2014,2021
nola,aaron,605400,nolaa001,nolaaa01,16149,2015,2025
hatley,marcus,502281,hatlm001,hatlema01,4002,2015,2015
vasil,mike,678024,vasim001,vasilmi01,-1,2025,2025
patiño,luis,672715,patil001,patinlu01,22815,2020,2023
holland,greg,518813,hollg001,hollagr01,7196,2010,2022
sulser,beau,676641,sulsb001,sulsebe01,23420,2022,2022
cahill,trevor,502239,cahit001,cahiltr01,6249,2009,2021
bautista,gerson,639373,bautg001,bautige01,19256,2018,2019
herget,jimmy,623474,hergj001,hergeji01,17556,2019,2025
slaten,justin,686580,slatj002,slateju01,25648,2024,2025
peacock,matt,676840,peacm001,peacoma01,20339,2021,2022
scherzer,max,453286,schem001,scherma01,3137,2008,2025
wiles,nathan,686249,wilen001,wilesna01,-1,2025,2025
moore,dylan,664238,moord002,mooredy01,18042,2019,2025
wainwright,adam,425794,waina001,wainwad01,2233,2005,2023
henriquez,edgardo,683618,henre001,henried01,-1,2024,2025
fernández,josé,605228,fernj003,fernajo02,11530,2013,2016
heston,chris,518790,hestc001,hestoch01,10302,2014,2017
jiménez,ubaldo,434622,jimeu001,jimenub01,3374,2006,2017
barrett,aaron,502578,barra001,barreaa01,11243,2014,2020
williams,gavin,668909,willg004,williga01,30122,2023,2025
elder,bryce,693821,eldeb001,elderbr01,27779,2022,2025
valdez,josé,572308,valdj003,valdejo03,14470,2015,2018
murphy,patrick,641907,murpp001,murphpa02,19712,2020,2022
lovelady,richard,663992,lover001,lovelri01,19337,2019,2025
ragsdale,carson,685068,ragsc001,ragsdca01,-1,2025,2025
thompson,zack,668868,thomz002,thompza02,25918,2022,2024
pérez,eury,691587,peree004,perezeu02,27768,2023,2025
poulin,pj,676571,poulp001,poulipj01,-1,2025,2025
martinez,justin,679885,martj011,martiju01,24453,2023,2025
brach,brad,542960,bracb001,brachbr01,6627,2011,2021
penrod,zach,683068,penrz001,penroza01,-1,2024,2024
leone,dominic,608678,leond003,leonedo01,13763,2014,2024
nolin,sean,543594,nolis001,nolinse01,11341,2013,2023
grimm,justin,518748,grimj002,grimmju01,11720,2012,2022
geltz,steve,544993,gelts001,geltzst01,8402,2012,2016
messick,parker,800048,messp001,messipa01,-1,2025,2025
herrera,kelvin,516969,herrk001,herreke01,6033,2011,2020
valdez,césar,491624,valdc003,valdece01,9013,2010,2022
kirkman,michael,457779,kirkm001,kirkmmi01,9877,2010,2016
ureña,josé,570632,urenj001,urenajo01,11589,2015,2025
stashak,cody,664054,stasc001,stashco01,18088,2019,2022
rangel,alan,660604,ranga001,rangeal01,-1,2025,2025
o'sullivan,sean,457711,osuls001,osullse01,9137,2009,2016
newberry,jake,623470,newbj001,newbeja01,15136,2018,2021
bracho,silvino,611093,bracs001,brachsi01,15051,2015,2023
hart,donnie,643354,hartd002,hartdo01,15306,2016,2019
bergman,christian,548357,bergc001,bergmch01,10925,2014,2018
franco,enderson,575070,frane001,francen01,11896,2019,2019
knehr,reiss,663753,knehr001,knehrre01,21541,2021,2023
lobstein,kyle,543456,lobsk001,lobstky01,9178,2014,2021
duffey,tyler,608648,dufft001,duffety01,13758,2015,2024
phillips,brett,621433,philb002,phillbr02,14735,2017,2023
miller,shelby,571946,mills001,millesh01,10197,2012,2025
cotton,jharel,605194,cottj001,cottojh01,13654,2016,2022
gordon,tanner,685299,gordt002,gordota01,-1,2024,2025
bergert,ryan,686701,bergr001,bergery01,-1,2025,2025
jackson,luke,592426,jackl001,jackslu01,11752,2015,2025
blalock,bradley,687134,blalb001,blalobr01,-1,2024,2025
rodney,fernando,407845,rodnf001,rodnefe01,494,2002,2019
garrett,reed,657585,garrr001,garrere01,16866,2019,2025
claudio,alex,592222,claua001,claudal01,12890,2014,2023
perdomo,luis,606131,perdl002,perdolu02,14682,2016,2022
hembree,heath,592390,hembh001,hembrhe01,11632,2013,2023
feliz,michael,593140,felim001,felizmi01,11903,2015,2022
boyle,joe,671212,boylj001,boylejo01,29608,2023,2025
johnson,seth,686751,johns003,johnsse01,-1,2024,2025
menez,conner,669214,menec001,menezco01,19199,2019,2022
knack,landon,689017,knacl001,knackla01,-1,2024,2025
wagner,tyler,621281,wagnt001,wagnety01,13796,2015,2016
seabold,connor,657756,seabc001,seaboco01,19695,2021,2025
lindblom,josh,458676,lindj004,lindbjo01,7882,2011,2021
martínez,carlos,593372,martc006,martica04,11682,2013,2021
white,brendan,686839,whitb002,whitebr01,26024,2023,2023
misiorowski,jacob,694819,misij001,misioja01,-1,2025,2025
benoit,joaquín,276542,benoj001,benoijo01,1437,2001,2017
ginn,j. t.,669372,ginnj001,ginnjt01,-1,2024,2025
thornburg,tyler,592804,thort001,thornty01,10688,2012,2022
justice,evan,687145,juste001,justiev01,30008,2023,2024
wieland,joe,543921,wielj001,wielajo01,6109,2012,2016
cunniff,brandon,594792,cunnb001,cunnibr02,11509,2015,2016
ynoa,gabriel,593679,ynoag001,ynoaga01,12938,2016,2019
carpenter,ryan,543001,carpr001,carpery01,12699,2018,2019
avila,alex,488671,avila001,avilaal01,7476,2009,2021
kohn,michael,543409,kohnm001,kohnmi01,8505,2010,2015
flores,kendry,572309,flork002,floreke01,12118,2015,2016
legumina,casey,668984,leguc001,legumca01,25921,2023,2025
dyson,sam,473879,dysos001,dysonsa01,11710,2012,2019
bourque,james,630263,bourj003,bourqja01,16668,2019,2020
lohse,kyle,346798,lohsk001,lohseky01,739,2001,2016
de la rosa,eury,545001,delae002,delareu01,4055,2013,2014
schultz,jaime,621289,schuj002,schulja02,15066,2018,2019
contreras,luis,664351,contl001,contrlu01,-1,2024,2025
garcia,bryan,650530,garcb001,garcibr01,19457,2019,2022
weaver,luke,596133,weavl001,weavelu01,16918,2016,2025
machado,andrés,600921,macha003,machaan02,14681,2017,2023
smith,joe,501925,smitj002,smithjo05,3281,2007,2022
bello,brayan,678394,bellb002,bellobr01,23920,2022,2025
morán,jovani,663558,moraj003,moranjo01,20422,2021,2025
mervis,matt,670223,mervm001,mervima01,27845,2023,2025
adleman,tim,534947,adlet001,adlemti01,10968,2016,2017
rainey,tanner,663432,raint003,raineta01,17610,2018,2025
varland,gus,681402,varlg001,varlagu01,24737,2023,2024
peralta,luis,678821,peral001,perallu01,-1,2024,2025
krol,ian,571871,kroli001,krolia01,10066,2013,2021
taylor,grant,691799,taylg002,taylogr02,-1,2025,2025
peña,ariel,516414,penaa003,penaar01,10240,2015,2016
thayer,dale,445612,thayd001,thayeda01,5032,2009,2015
cedeño,xavier,458584,cedex001,cedenxa01,36,2011,2019
molleken,dustin,451783,molld001,molledu01,6200,2016,2016
ramírez,roel,641995,ramir005,ramirro02,16470,2020,2021
dean,pat,534737,deanp001,deanpa02,11350,2016,2016
oviedo,luis,665854,oviel001,oviedlu01,21728,2021,2021
qualls,chad,430589,qualc001,quallch01,2170,2004,2017
lucas,josh,572998,lucaj001,lucasjo02,11686,2017,2019
west,matt,519411,westm002,westma03,7980,2014,2015
shipley,braden,640463,shipb001,shiplbr01,15158,2016,2018
faucher,calvin,676534,faucc001,fauchca01,20116,2022,2025
fernández,julian,642759,fernj007,fernaju02,18341,2021,2025
shepherd,chandler,605469,shepc001,shephch01,16166,2019,2019
espino,paolo,502179,espip001,espinpa01,8246,2017,2024
hill,cam,657611,hillc001,hillca02,16840,2020,2020
smith,caleb,592761,smitc006,smithca03,14875,2017,2022
howard,sam,607572,howas002,howarsa01,16265,2018,2022
cantillo,joey,676282,cantj002,cantijo01,-1,2024,2025
smith,pavin,656976,smitp002,smithpa04,19892,2020,2025
bacus,dakota,621290,bacud001,bacusda01,14545,2020,2020
wilson,alex,543935,wilsa001,wilsoal01,9239,2013,2019
cooney,tim,608641,coont001,cooneti01,13762,2015,2015
velázquez,héctor,584171,velah001,velazhe01,19341,2017,2019
glasnow,tyler,607192,glast001,glasnty01,14374,2016,2025
lawrence,casey,596271,lawrc001,lawreca01,11121,2017,2025
kerr,ray,678061,kerrr001,kerrra01,23809,2022,2024
marinaccio,ron,676760,marir001,marinro01,23488,2022,2025
sousa,bennett,656986,sousb001,sousabe01,21345,2022,2025
poyner,bobby,596074,poynb001,poynebo01,17987,2018,2019
bridwell,parker,592170,bridp001,bridwpa01,11502,2016,2018
culberson,charlie,518586,culbc001,culbech01,3298,2012,2023
mejia,juan,675848,mejij003,mejiaju01,-1,2025,2025
russell,james,460701,russj003,russeja02,4089,2010,2016
street,huston,434718,streh001,streehu01,8258,2005,2017
barrett,jake,545332,barrj002,barreja01,13322,2016,2019
domínguez,seranthony,622554,domis001,dominse01,19249,2018,2025
gee,dillon,518716,gee-d001,geedi01,7396,2010,2017
tolle,payton,801139,tollp001,tollepa01,-1,2025,2025
wells,alex,649144,wella001,wellsal01,19845,2021,2022
peralta,freddy,642547,peraf001,peralfr01,18679,2018,2025
garcía,rony,665621,garcr007,garciro03,20430,2020,2022
moylan,peter,493247,moylp001,moylape01,4891,2006,2018
garcia,rico,670329,garcr006,garciri01,20023,2019,2025
carroll,scott,453222,carrs001,carrosc02,888,2014,2016
ferrer,jose,678606,ferrj002,ferrejo01,24017,2023,2025
lord,brad,695418,lordb001,lordbr02,-1,2025,2025
federowicz,tim,543148,fedet001,federti01,8609,2011,2019
hoeing,bryan,663773,hoeib001,hoeinbr01,26304,2022,2025
jerez,williams,605301,jerew001,jerezwi01,14338,2018,2019
johnson,jim,462382,johnj010,johnsji04,3656,2006,2018
morgan,eli,669212,morge001,morgael01,20203,2021,2025
romero,enny,544836,romee002,romeren01,4001,2013,2018
pratto,nick,668472,pratn001,prattni01,22117,2022,2024
sewald,paul,623149,sewap001,sewalpa01,13892,2017,2025
berroa,prelander,672860,berrp001,berropr01,22932,2023,2024
grilli,jason,276351,grilj001,grillja01,521,2000,2017
wood,travis,475243,woodt004,woodtr01,9884,2010,2017
sturdevant,tyler,573188,sturt002,sturdty01,6780,2016,2016
dull,ryan,623430,dullr001,dullry01,13974,2015,2019
pepiot,ryan,686752,pepir001,pepiory01,26221,2022,2025
ashby,aaron,676879,ashba003,ashbyaa01,23550,2021,2025
warren,adam,476589,warra001,warread01,9029,2012,2019
lambert,peter,663567,lambp001,lambepe01,17969,2019,2024
snell,blake,605483,snelb001,snellbl01,13543,2016,2025
harper,ryne,607560,harpr001,harpery01,12680,2019,2021
humber,philip,458950,humbp001,humbeph01,8586,2006,2013
cisnero,josé,542585,cisnj001,cisnejo01,6399,2013,2024
thompson,ryan,657044,thomr007,thompry02,16647,2020,2025
adcock,nathan,502264,adcon001,adcocna01,3282,2011,2015
betancourt,rafael,429783,betar001,betanra01,177,2003,2015
lafromboise,bobby,489039,lafrb001,lafrobo01,7758,2013,2015
bass,anthony,542914,bassa001,bassan01,7982,2011,2023
wright,mike,605541,wrigm001,wrighmi01,12586,2015,2021
paulino,felipe,462956,paulf001,paulife01,3777,2007,2014
morales,luis,806960,moral001,morallu01,-1,2025,2025
wilson,bryse,669060,wilsb003,wilsobr02,19990,2018,2025
guerra,javy,642770,guerj004,guerrja02,17292,2018,2023
kerkering,orion,689147,kerko001,kerkeor01,31776,2023,2025
veneziano,anthony,685107,venea001,venezan01,27453,2023,2025
brubaker,jt,664141,brubj001,brubajt01,17578,2020,2025
francis,bowden,670102,franb002,francbo01,20548,2022,2025
allgeyer,nick,680430,allgn001,allgeni01,24486,2021,2021
cravy,tyler,572788,cravt001,cravyty01,10770,2015,2016
smith,shane,681343,smits003,smithsh02,-1,2025,2025
chang,yu,644374,chany001,changyu01,14773,2019,2023
rodríguez,wandy,434643,rodrw002,rodriwa01,2586,2005,2015
bard,daniel,453268,bardd001,bardda01,7115,2009,2023
skaggs,tyler,572140,skagt001,skaggty01,10190,2012,2019
layne,tommy,518927,laynt001,layneto01,7501,2012,2017
la sorsa,joe,686747,lasoj001,lasorjo01,25481,2023,2025
herrera,josé,645444,herrj003,herrejo04,17040,2022,2025
little,luke,681432,littl001,littllu01,28036,2023,2025
detmers,reid,672282,detmr001,detmere01,27468,2021,2025
curvelo,luis,681168,curvl001,curvelu01,-1,2025,2025
araújo,elvis,542587,araue001,araujel01,12854,2015,2016
fairbanks,pete,664126,fairp001,fairbpe01,17998,2019,2025
harrington,tom,802419,harrt002,harrito03,-1,2025,2025
wahl,bobby,592833,wahlb001,wahlbo01,14832,2017,2020
foltynewicz,mike,592314,foltm001,foltymi01,10811,2014,2021
castro,willi,650489,castw003,castrwi01,17338,2019,2025
tepera,ryan,572193,teper001,teperry01,10291,2015,2023
tuivailala,sam,592815,tuivs001,tuivasa01,13485,2014,2019
duke,zach,435043,dukez001,dukeza01,3840,2005,2019
joyce,ben,690829,joycb001,joycebe01,31461,2023,2025
rortvedt,ben,666163,rortb001,rortvbe01,20287,2021,2025
tazawa,junichi,547749,tazaj001,tazawju01,4079,2009,2018
herrin,tim,682120,herrt002,herriti01,25139,2023,2025
bachar,lake,669199,bachl001,bachala01,-1,2024,2025
cimber,adam,643256,cimba001,cimbead01,15288,2018,2024
borucki,ryan,621366,borur001,borucry01,16350,2018,2025
eflin,zach,621107,efliz001,eflinza01,13774,2016,2025
webster,allen,543903,websa001,webstal01,3993,2013,2019
gonzalez,gio,461829,gonzg003,gonzagi01,7448,2008,2020
hathaway,steve,643355,haths001,hathast01,15293,2016,2016
norris,daniel,596057,norrd002,norrida01,13475,2014,2023
lincecum,tim,453311,linct001,linceti01,5705,2007,2016
de geus,brett,676969,degeb001,degeubr01,23592,2021,2025
sands,cole,663485,sandc001,sandsco01,21461,2022,2025
klein,phil,607309,kleip001,kleinph01,12675,2014,2016
wotherspoon,matt,642226,wothm001,wothema01,16452,2019,2019
weems,jordan,607179,weemj001,weemsjo01,13190,2020,2025
whalen,robert,547007,whalr001,whalero01,14165,2016,2018
nogosek,stephen,668665,nogos001,nogosst01,19545,2019,2023
lewicki,artie,592499,lewia001,lewicar01,16731,2017,2020
nathan,joe,150274,nathj001,nathajo01,1122,1999,2016
means,john,607644,meanj001,meansjo01,16269,2018,2024
walsh,jake,673904,walsj002,walshja02,20227,2022,2022
floyd,gavin,425856,floyg001,floydga01,3886,2004,2016
mcgowan,dustin,430661,mcgod001,mcgowdu01,8600,2005,2017
león,arcenio,455376,leona002,leonar02,8846,2017,2017
llovera,mauricio,661440,llovm001,llovema01,20080,2020,2023
karns,nate,501992,karnn001,karnsna01,12638,2013,2019
rolison,ryan,669020,rolir001,rolisry01,-1,2025,2025
feltner,ryan,663372,feltr001,feltnry01,21446,2021,2025
méndez,yohander,622795,mendy001,mendeyo01,14391,2016,2019
mariñez,jhan,501697,marij001,marinjh01,5830,2010,2018
martin,russell,431145,martr004,martiru01,4616,2006,2019
urías,julio,628711,uriaj001,uriasju01,14765,2016,2023
javier,cristian,664299,javic001,javiecr01,17606,2020,2025
smith,jake,607727,smitj005,smithja06,14379,2016,2016
graveman,kendall,608665,gravk001,graveke01,15514,2014,2025
morillo,juan,666661,morij002,morilju02,-1,2025,2025
tolliver,ashur,572208,tolla001,tollias01,10044,2016,2017
garcía,onelki,607162,garco001,garcion01,13674,2013,2017
reynolds,sean,669308,reyns002,reynose01,-1,2024,2025
verrett,logan,548337,verrl001,verrelo01,12905,2015,2017
siegrist,kevin,543779,siegk001,siegrke01,8180,2013,2017
mantiply,joe,573009,mantj002,mantijo01,14857,2016,2025
duron,nick,663975,duron001,duronni01,21092,2022,2022
pennington,walter,679156,pennw002,penniwa01,-1,2024,2024
northcraft,aaron,573062,norta001,northaa01,10218,2021,2021
wilson,weston,642215,wilsw002,wilsowe01,19358,2023,2025
hanifee,brenan,669724,hanib001,hanifbr01,22304,2023,2025
murray,colton,605396,murrc002,murraco02,12264,2015,2016
campos,leonel,599998,campl001,campole01,12277,2014,2017
simpson,josh,681006,simpj001,simpsjo02,-1,2025,2025
bonilla,lisalverto,570810,bonil001,bonilli01,11266,2014,2017
stratton,chris,608717,strac001,stratch01,13761,2016,2025
ashcraft,braxton,677952,ashcb001,ashcrbr01,-1,2025,2025
wilson,will,669717,wilsw003,wilsowi03,-1,2025,2025
simón,alfredo,430580,simoa001,simonal01,2155,2008,2016
winn,cole,668390,winnc001,winnco01,-1,2024,2025
overton,dillon,592614,overd001,overtdi01,15627,2016,2017
taylor,michael,572191,taylm002,taylomi02,11489,2014,2025
brigham,jeff,656257,brigj002,brighje01,16631,2018,2025
burgos,enrique,542609,burge002,burgoen02,3895,2015,2016
bummer,aaron,607481,bumma001,bummeaa01,16258,2017,2025
soriano,josé,667755,sorij002,soriajo02,22100,2023,2025
chamberlain,joba,501955,chamj002,chambjo03,2692,2007,2016
astudillo,willians,553902,astuw001,astudwi01,15608,2018,2022
holmberg,david,571787,holmd002,holmbda01,7725,2013,2017
dolis,rafael,503569,dolir001,dolisra01,4185,2011,2021
stubbs,garrett,596117,stubg001,stubbga01,18067,2019,2025
freeland,kyle,607536,freek001,freelky01,16256,2017,2025
king,john,667463,kingj002,kingjo01,22051,2020,2025
howard,spencer,675921,howas003,howarsp01,23252,2020,2024
heuer,codi,676051,heuec001,heuerco01,23293,2020,2025
asher,alec,594742,ashea001,asheral01,13560,2015,2018
lively,ben,594902,liveb001,livelbe01,14932,2017,2025
jones,damon,676103,joned003,jonesda07,23310,2021,2022
manoah,alek,666201,manoa001,manoaal01,26410,2021,2024
méndez,román,542669,mendr002,mendero01,10307,2014,2015
noesí,héctor,456051,noesh001,noesihe01,3292,2011,2019
weigel,patrick,622256,weigp001,weigepa01,17792,2020,2021
williams,devin,642207,willd004,willide03,15816,2019,2025
bush,ky,681066,bushk001,bushky01,-1,2024,2024
pruitt,austin,643493,pruia001,pruitau01,15290,2017,2024
jackson,edwin,429719,jacke001,jacksed01,1841,2003,2019
taylor,troy,700187,taylt003,taylotr01,-1,2024,2025
gyorko,jedd,576397,gyorj001,gyorkje01,10816,2013,2020
solomon,jared,676660,soloj001,solomja01,23425,2022,2022
carpenter,david,518526,carpd002,carpeda02,9244,2012,2015
stone,gavin,694813,stong001,stonega01,27792,2023,2024
santana,edgar,650828,sante002,santaed01,17355,2017,2021
freeman,mike,502273,freem002,freemmi01,11241,2016,2021
feyereisen,j. p.,656420,feyej001,feyerjo01,16610,2020,2025
rosscup,zac,573127,rossz001,rosscza01,9419,2013,2021
font,wilmer,521655,fontw001,fontwi01,5257,2012,2020
janssen,casey,445163,jansc001,janssca01,7355,2006,2015
guduan,reymin,594056,gudur001,guduare01,13058,2017,2021
morin,mike,573046,morim002,morinmi01,13442,2014,2020
ort,kaleb,672391,ort-k001,ortka01,20061,2021,2025
goforth,david,592341,gofod001,goforda01,12166,2015,2017
ramírez,erasmo,541640,ramie004,ramirer02,10314,2012,2025
appel,mark,571446,appem001,appelma01,14823,2022,2022
sánchez,ángel,605795,sanca008,sanchan03,11776,2017,2017
suarez,robert,663158,suarr002,suarero01,30115,2022,2025
marquis,jason,150302,marqj001,marquja01,105,2000,2015
campbell,isaiah,663462,campi001,campbis01,25551,2023,2025
miller,ryan,668943,millr004,millery01,-1,2024,2024
marimón,sugar ray,516970,maris001,marimsu01,6027,2015,2015
vargas,césar,570714,vargc002,vargace01,14099,2016,2016
hoyt,james,624586,hoytj001,hoytja01,14605,2016,2021
paulino,david,600944,pauld002,paulida01,17418,2016,2021
kaminsky,rob,641739,kamir001,kaminro01,15792,2020,2020
kitchen,austin,685116,kitca001,kitchau01,-1,2024,2024
achter,a. j.,592091,achta001,achteaj01,11387,2014,2016
hill,jaden,677955,hillj002,hillja01,-1,2024,2025
sanoja,javier,691594,sanoj001,sanojja01,-1,2024,2025
bivens,spencer,702352,bives001,bivensp01,-1,2024,2025
trejo,alan,676701,treja001,trejoal01,20056,2021,2025
evans,demarcus,663770,evand003,evansde01,21087,2020,2021
parra,manny,448159,parrm001,parrama01,4279,2007,2015
kimbrel,craig,518886,kimbc001,kimbrcr01,6655,2010,2025
loewen,adam,429400,loewa001,loewead01,2134,2006,2016
roberts,ethan,681799,robee001,roberet01,24930,2022,2025
solís,sammy,519301,solis001,solissa01,11457,2015,2018
barnes,matt,598264,barnm001,barnema01,12863,2014,2024
schugel,a. j.,519263,schua001,schugaj01,11432,2015,2017
brigham,jake,502010,brigj001,brighja01,2851,2015,2015
brash,matt,666374,brasm001,brashma01,25756,2022,2025
huang,wei-chieh,658791,huanw001,huangwe01,17508,2019,2019
gasser,robert,688107,gassr001,gassero01,-1,2024,2025
burnett,sean,430634,burns001,burnese01,1886,2004,2016
doubront,félix,467094,doubf001,doubrfe01,1478,2010,2015
surkamp,eric,474668,surke001,surkaer01,2540,2011,2016
hanhold,eric,621098,hanhe001,hanhoer01,18332,2018,2021
leclerc,josé,600917,leclj001,leclejo01,14524,2016,2025
romero,ricky,460069,romer002,romerri01,3403,2009,2013
webb,daniel,543900,webbd001,webbda01,10558,2013,2016
carroll,cody,606944,carrc004,carroco01,17664,2018,2020
megill,tylor,656731,megit002,megilty01,21318,2021,2025
de la rosa,jorge,407822,delaj001,rosajo01,2047,2004,2018
bradford,cody,674003,bradc003,bradfco01,27597,2023,2024
koehler,tom,543408,koeht001,koehlto01,6570,2012,2017
callahan,jamie,621094,callj001,callaja01,14711,2017,2017
mccarty,kirk,668948,mccak003,mccarki01,20555,2022,2022
mcgreevy,michael,700241,mcgrm001,mcgremi01,-1,2024,2025
avila,nick,687014,aviln001,avilani01,25667,2024,2024
little,jack,669193,littj001,littlja02,-1,2025,2025
robert,daniel,642016,robed005,roberda11,-1,2024,2025
rodríguez,ricardo,600965,rodrr007,rodriri04,15458,2017,2018
fitzgerald,ryan,680837,fitzr001,fitzgry01,-1,2025,2025
reed,cody,642003,reedc002,reedco01,15232,2016,2021
strop,pedro,467008,strop001,stroppe01,4070,2009,2021
barnes,charlie,656212,barnc002,barnech01,19865,2021,2021
coonrod,sam,656322,coons001,coonrsa01,17264,2019,2023
carasiti,matt,571539,caram001,carasma01,13276,2016,2024
yarbrough,ryan,642232,yarbr001,yarbrry01,16502,2018,2025
yamaguchi,shun,685493,yamas001,yamagsh01,27460,2020,2020
pressly,ryan,519151,presr001,pressry01,7005,2013,2025
hearn,taylor,621368,heart001,hearnta01,18325,2019,2023
pestano,vinnie,502260,pestv001,pestavi01,4782,2010,2015
latz,jacob,656641,latzj001,latzja01,21306,2021,2025
makita,kazuhisa,628318,makik001,makitka01,19757,2018,2018
cook,ryan,475857,cookr001,cookry01,8855,2011,2018
padilla,nicholas,656820,padin001,padilni01,21327,2022,2023
fluharty,mason,689254,fluhm001,fluhama01,-1,2025,2025
jacques,joe,682175,jacqj001,jacqujo01,25178,2023,2024
wright,steven,453214,wrigs001,wrighst01,8185,2013,2019
stout,eric,657770,stoue001,stouter01,16873,2018,2022
nicolas,kyle,693312,nicok001,nicolky01,27775,2023,2025
cabrera,edward,665795,cabre003,cabreed02,21690,2021,2025
haley,justin,595234,halej001,haleyju01,13572,2017,2018
araújo,pedro,606478,araup001,araujpe01,17697,2018,2019
garcía,luis,677651,garcl007,garcilu05,23735,2020,2025
smyly,drew,592767,smyld001,smylydr01,11760,2012,2024
garner,perci,592330,garnp002,garnepe01,10887,2016,2016
tinoco,jesús,622786,tinoj001,tinocje01,16300,2019,2025
overton,connor,656818,overc001,overtco01,18376,2021,2023
spangenberg,cory,605486,spanc001,spangco01,12294,2014,2022
castro,kervin,665645,castk002,castrke01,21656,2021,2022
mattheus,ryan,458919,mattr001,matthry01,7169,2011,2015
margevicius,nick,676606,margn001,margeni01,20395,2019,2021
bleier,richard,542947,bleir001,bleieri01,7803,2016,2023
marte,kelvin,517629,martk002,marteke02,5200,2016,2016
burgos,raymond,670103,burgr001,burgora01,-1,2024,2024
duarte,daniel,650960,duard001,duartda01,17480,2022,2024
woods richardson,simeon,680573,woods002,woodssi01,24494,2022,2025
peraza,oswald,672724,perao002,perazos02,22823,2022,2025
muckenhirn,zach,669105,muckz001,muckeza01,20209,2023,2023
crichton,stefan,592233,crics001,crichst01,16058,2017,2021
moscot,jon,621209,moscj001,moscojo01,13849,2015,2016
hernandez,nick,663321,hernn001,hernani01,19281,2023,2025
patton,spencer,607359,patts002,pattosp01,12361,2014,2023
francis,jeff,433585,franj003,francje01,4684,2004,2015
benjamin,wes,605138,benjw001,benjawe01,19243,2020,2021
smith,murphy,573166,smitm008,smithmu01,9812,2018,2018
hess,david,605276,hessd001,hessda01,16130,2018,2021
webb,tyler,643778,webbt001,webbty01,14974,2017,2021
moreno,diego,514981,mored001,morendi01,6238,2015,2017
francoeur,jeff,425796,franj004,francje02,4792,2005,2016
olson,reese,681857,olsor001,olsonre01,24968,2023,2025
yates,kirby,489446,yatek001,yateski01,9073,2014,2025
pop,zach,647315,pop-z001,popza01,20185,2021,2025
schwindel,frank,643524,schwf001,schwifr01,15351,2019,2022
martin,brett,656685,martb002,martibr01,17369,2019,2022
durán,jhoan,661395,duraj002,duranjh01,21029,2022,2025
perkins,glen,450282,perkg001,perkigl01,8041,2006,2017
soria,joakim,465657,sorij001,soriajo01,6941,2007,2021
headrick,brent,687396,headb001,headrbr01,27702,2023,2025
rowley,chris,635903,rowlc001,rowlech01,18820,2017,2018
thorpe,lewis,626929,thorl002,thorple01,15906,2019,2021
hill,rich,448179,hillr001,hillri01,4806,2005,2025
stauffer,tim,431162,staut001,staufti01,6432,2005,2015
smith,chris,434672,smitc002,smithch08,4544,2008,2017
ryan,brendan,453895,ryanb002,ryanbr01,6073,2007,2016
kinley,tyler,641755,kinlt001,kinlety01,18297,2018,2025
cosgrove,tom,676680,cosgt001,cosgrto01,23443,2023,2025
garcés,frank,571057,garcf003,garcefr01,13144,2014,2015
lamet,dinelson,659275,lamed001,lametdi01,17186,2017,2024
vázquez,luis,676679,vazql001,vazqulu01,-1,2024,2025
dayton,grant,594795,daytg001,daytogr01,11203,2016,2021
johnson,steve,489002,johns001,johnsst02,4053,2012,2016
báez,pedro,520980,baezp001,baezpe01,5420,2014,2022
sommers,drew,805427,sommd001,sommedr01,-1,2025,2025
kickham,mike,592464,kickm001,kickhmi01,11618,2013,2021
kauffmann,karl,666154,kaufk001,kauffka01,27488,2023,2023
lee,zach,545346,lee-z001,leeza01,11468,2015,2017
wada,tsuyoshi,493159,wadat001,wadats01,13046,2014,2015
antone,tejay,622088,antot001,antonte01,16233,2020,2024
lucchesi,joey,664192,luccj001,lucchjo01,19320,2018,2025
rondon,jorge,504083,rondj001,rondojo01,5791,2014,2016
guenther,sean,674944,guens001,guentse01,20045,2021,2025
león,sandy,506702,leons001,leonsa01,5273,2012,2025
cobb,alex,502171,cobba001,cobbal01,6562,2011,2024
dillard,tim,457422,dillt001,dillati01,5518,2008,2012
sugano,tomoyuki,608372,sugat001,suganto01,-1,2025,2025
mckirahan,andrew,605374,mckia001,mckiran01,12870,2015,2015
beliveau,jeff,542924,belij001,belivje01,8504,2012,2018
birdsong,hayden,806185,birdh001,birdsha01,31635,2024,2025
espinal,santiago,669289,espis001,espinsa01,19997,2020,2025
murdock,noah,668716,murdn001,murdono01,-1,2025,2025
cuevas,william,571035,cuevw001,cuevawi01,13331,2016,2018
lindgren,jacob,605338,lindj005,lindgja01,16215,2015,2015
castillo,luis,622491,castl003,castilu02,15689,2017,2025
soroka,michael,647336,sorom001,sorokmi01,18383,2018,2025
lawrence,justin,664875,lawrj002,lawreju01,17639,2021,2025
nelson,kyle,669459,nelsk001,nelsoky01,20515,2020,2025
oh,seunghwan,493200,oh--s001,ohse01,18719,2016,2019
miller,tyson,668338,millt003,millety01,19976,2020,2024
díaz,jhonathan,646242,diazj007,diazjh01,20298,2021,2025
carlyle,buddy,234194,carlb001,carlybu01,2010,1999,2015
crockett,kyle,641490,crock001,crockky01,15033,2014,2018
lakins,travis,664042,lakit001,lakintr01,18600,2019,2022
arrieta,jake,453562,arrij001,arrieja01,4153,2010,2021
ramírez,yefry,606162,ramiy001,ramirye01,15655,2018,2021
robles,hansel,570663,roblh001,robleha01,11801,2015,2022
leiter,mark,643410,leitm002,leitema02,15551,2017,2025
coleman,dylan,669395,coled003,colemdy01,22276,2021,2024
quijada,josé,650671,quijj001,quijajo01,19200,2019,2025
chacín,jhoulys,468504,chacj001,chacijh01,2608,2009,2022
muñoz,roddery,682610,munor001,munozro01,-1,2024,2025
hoffmann,andrew,694851,hoffa001,hoffman01,-1,2025,2025
ellington,brian,623395,ellib001,ellinbr02,17233,2015,2017
okert,steven,595345,okers001,okertst01,13580,2016,2025
hahn,jesse,534910,hahnj001,hahnje01,13287,2014,2025
rea,colin,607067,rea-c001,reaco01,12317,2015,2025
yoho,craig,684974,yohoc001,yohocr01,-1,2025,2025
rashi,taylor,688497,rasht001,rashita01,-1,2025,2025
ragans,cole,666142,ragac001,raganco01,21846,2022,2025
adcock,ty,686654,adcot001,adcocty01,25651,2023,2025
bowman,matthew,621199,bowmm001,bowmama01,13528,2016,2025
laffey,aaron,444836,laffa001,laffeaa01,6248,2007,2015
mccarthy,brandon,435221,mccab001,mccarbr01,4662,2005,2018
freeman,caleb,673965,freec002,freemca01,-1,2025,2025
aybar,erick,430947,aybae001,aybarer01,4082,2006,2017
leake,mike,502190,leakm001,leakemi01,10130,2010,2019
shafer,justin,596101,shafj001,shafeju01,16132,2018,2020
eshelman,thomas,664045,eshet001,eshelto01,18361,2019,2021
peterson,david,656849,peted003,peterda01,20302,2020,2025
matz,steven,571927,matzs001,matzst01,13361,2015,2025
dobnak,randy,677976,dobnr001,dobnara01,23798,2019,2025
camarena,dan,547176,camad001,camarda01,14467,2021,2021
harvey,matt,518774,harvm001,harvema01,11713,2012,2021
mena,cristian,691441,menac001,menacr01,-1,2024,2025
gustave,jandel,594311,gustj001,gustaja01,14665,2016,2022
freeman,sam,518693,frees001,freemsa01,6832,2012,2020
law,derek,571882,law-d001,lawde01,13133,2016,2024
garrett,amir,607237,garra001,garream01,14375,2017,2024
petersen,michael,656848,petem001,petermi01,-1,2024,2025
scheppers,tanner,489294,schet001,schepta01,10267,2012,2017
astin,barrett,592120,astib001,astinba01,14812,2017,2017
blach,ty,621389,blact002,blachty01,14361,2016,2024
brown,brooks,453156,browb005,brownbr02,5679,2014,2015
bender,anthony,669622,benda001,bendean01,19742,2021,2025
kelly,casey,543391,kellc001,kellyca01,9174,2012,2025
burrows,beau,663366,burrb002,burrobe01,18873,2020,2021
fien,casey,502272,fienc001,fienca01,3926,2009,2017
brault,steven,643230,braus002,braulst01,15291,2016,2022
hirano,yoshihisa,673633,hiray001,hiranyo01,19756,2018,2020
spence,mitch,687765,spenm001,spencmi01,27707,2024,2025
gorzelanny,tom,452733,gorzt001,gorzeto01,6244,2005,2016
krook,matt,640454,kroom002,krookma01,19315,2023,2025
saucedo,tayler,642048,sauct001,sauceta01,17888,2021,2025
collmenter,josh,518567,collj001,collmjo01,7312,2011,2017
erlin,robbie,572362,erlir001,erlinro01,10354,2013,2022
bauers,jake,641343,bauej001,bauerja01,15194,2018,2025
keller,kyle,664918,kellk003,kelleky01,18890,2019,2021
maxwell,zach,687209,maxwz001,maxweza01,-1,2025,2025
pimentel,stolmy,516935,pimes001,pimenst01,6415,2013,2015
bush,matt,456713,bushm001,bushma01,1246,2016,2023
espinoza,anderson,659262,espia002,espinan01,18593,2022,2022
bride,jonah,681146,bridj001,bridejo01,24703,2022,2025
sulser,cole,642121,sulsc001,sulseco01,15256,2019,2025
vasto,jerry,657786,vastj001,vastoje01,17126,2018,2018
richards,garrett,572070,richg002,richaga01,9784,2011,2022
luzardo,jesús,666200,luzaj001,luzarje01,19959,2019,2025
shoemaker,matt,533167,shoem001,shoemma01,4776,2013,2021
avila,pedro,658648,avilp001,avilape01,18864,2019,2024
abner,philip,691769,abnep001,abnerph01,-1,2025,2025
bibee,tanner,676440,bibet001,bibeeta01,30134,2023,2025
alexander,tyler,641302,alext001,alexaty01,17735,2019,2025
anderson,brett,474463,andeb004,anderbr04,8223,2009,2021
walker,taijuan,592836,walkt004,walketa01,11836,2013,2025
sparkman,glenn,642098,sparg001,sparkgl01,15200,2017,2020
ohl,pierson,701487,ohl-p001,ohlpi01,-1,2025,2025
valencia,danny,502143,valed001,valenda01,6364,2010,2018
germen,gonzalez,542674,germg001,germego01,5876,2013,2016
almonte,yency,622075,almoy001,almonye01,15068,2018,2024
romero,tommy,676720,romet001,romerto01,23465,2022,2022
buehler,walker,621111,buehw001,buehlwa01,19374,2017,2025
castillo,diego,650895,castd002,castidi01,17496,2018,2024
thompson,aaron,457744,thoma003,thompaa01,999,2011,2015
adrianza,ehire,501303,adrie001,adriaeh01,8418,2013,2024
friedrich,christian,543184,friec001,friedch01,7942,2012,2016
kim,kwang hyun,547942,kim-k001,kimkw01,27458,2020,2021
roark,tanner,543699,roart001,roarkta01,8753,2013,2021
barlow,scott,605130,barls001,barlosc01,14993,2018,2025
lópez,alejo,664670,lopea005,lopezal03,21127,2021,2023
leyer,robinson,622490,leyer001,leyerro01,14399,2020,2020
diehl,phillip,670426,diehp001,diehlph01,20030,2019,2022
núñez,eduarniel,674384,nunee003,nunezed03,-1,2025,2025
stephens,jackson,623451,stepj002,stephja01,14420,2017,2024
rosario,randy,600968,rosar002,rosarra01,14508,2017,2020
yesavage,trey,702056,yesat001,yesavtr01,-1,2025,2025
blewett,scott,656240,blews001,blewesc01,16427,2020,2025
kontos,george,502004,kontg001,kontoge01,9486,2011,2018
balazovic,jordan,666364,balaj001,balazjo02,21866,2023,2023
jarvis,bryce,686826,jarvb001,jarvibr01,27477,2023,2025
mushinski,parker,656786,mushp001,mushipa01,21324,2022,2024
darrell-hicks,michael,690382,darrm002,darremi01,-1,2025,2025
gil,luis,661563,gil-l001,gillu01,21052,2021,2025
castillo,fabio,503566,castf003,castifa01,2826,2017,2017
ohlendorf,ross,456027,ohler001,ohlenro01,8268,2007,2016
jaime,juan,462089,jaimj001,jaimeju01,6127,2014,2015
stroman,marcus,573186,strom001,stromma01,13431,2014,2025
anderson,ian,666120,andei001,anderia01,19951,2020,2025
jobe,jackson,695549,jobej001,jobeja01,-1,2024,2025
cano,yennier,666974,canoy001,canoye01,25911,2022,2025
nuño,vidal,573064,nunov001,nunovi01,9674,2013,2018
reed,a. j.,607223,reeda002,reedaj01,16246,2016,2019
la stella,tommy,600303,lastt001,lasteto01,12371,2014,2023
nix,jacob,656798,nix-j002,nixja02,17775,2018,2018
gibson,kyle,502043,gibsk002,gibsoky01,10123,2013,2025
rivas,leo,660844,rival002,rivasle01,-1,2024,2025
walton,donovan,622268,waltd002,waltodo01,19314,2019,2025
beachy,brandon,545404,beacb001,beachbr01,8851,2010,2015
shackelford,kevin,594992,shack001,shackke01,11012,2017,2018
nicholas,brett,592592,nichb001,nichobr01,11192,2016,2017
ibarra,edgar,500891,ibare001,ibarred01,5195,2015,2015
klobosits,gabe,656620,klobg001,kloboga01,19881,2021,2021
alaniz,r. j.,595798,alanr001,alanirj01,10819,2019,2021
musgrove,joe,605397,musgj001,musgrjo01,12970,2016,2024
floro,dylan,571670,flord002,florody01,13394,2016,2024
hiraldo,yaramil,682274,hiray002,hiralya01,-1,2025,2025
pazos,james,572021,pazoj001,pazosja01,13323,2015,2020
klein,will,694361,kleiw001,kleinwi01,-1,2024,2025
lockett,walker,621141,lockw001,lockewa01,13804,2018,2020
phillips,zach,452061,philz001,phillza01,99,2011,2016
santana,dennis,642701,santd003,santade01,17878,2018,2025
redmond,todd,445170,redmt002,redmoto01,9943,2012,2015
daniel,davis,669721,danid001,danieda01,27582,2023,2025
bruihl,justin,677865,bruij001,bruihju01,23779,2021,2025
zabala,aneurys,656008,zabaa001,zabalan01,20802,2022,2022
chen,bruce,136600,chenb001,chenbr01,769,1998,2015
díaz,yilber,700270,diazy005,diazyi01,-1,2024,2025
martin,cody,592533,martc008,martico01,12182,2015,2017
hernández,daysbel,678226,hernd005,hernada03,20271,2023,2025
broadway,mike,458678,broam001,broadmi01,9894,2015,2016
jiménez,césar,462945,jimec002,jimence01,3762,2006,2015
garcía,jarlín,606424,garcj006,garcija04,18282,2017,2022
miller,erik,669062,mille002,milleer01,26252,2024,2025
garcia,brandyn,805299,garcb002,garcibr02,-1,2025,2025
adams,chance,664856,adamc002,adamsch01,18135,2018,2020
romano,jordan,605447,romaj004,romanjo03,16122,2019,2025
koenig,jared,657649,koenj001,koenija01,27517,2022,2025
martin,j. d.,455605,martj005,martijd01,3685,2009,2010
dobbins,hunter,690928,dobbh001,dobbihu01,-1,2025,2025
núñez,dedniel,673380,nuned003,nunezde01,-1,2024,2025
brazobán,huascar,623211,brazh001,brazohu01,6107,2022,2025
pineda,michael,501381,pinem001,pinedmi01,5372,2011,2022
santos,antonio,665733,santa004,santoan02,20383,2020,2021
eovaldi,nathan,543135,eovan001,eovalna01,9132,2011,2025
lambert,jimmy,669424,lambj003,lambeji01,19541,2020,2023
manning,matt,666159,mannm001,mannima02,20369,2021,2024
logan,boone,457429,logab001,loganbo02,5525,2006,2018
holman,grant,680880,holmg002,holmagr01,-1,2024,2025
schwellenbach,spencer,680885,schws001,schwesp01,-1,2024,2025
gonzález,severino,605894,gonzs001,gonzase01,14697,2015,2016
mahle,tyler,641816,mahlt001,mahlety01,16358,2017,2025
goldberg,brad,643329,goldb001,goldbbr01,14776,2017,2017
degrom,jacob,594798,degrj001,degroja01,10954,2014,2025
hill,garrett,682051,hillg002,hillga02,25097,2022,2023
cousins,jake,664776,cousj001,cousija01,21620,2021,2024
mccarthy,kevin,641838,mccak002,mccarke01,15240,2016,2020
enright,nic,663671,enrin001,enrigni01,-1,2025,2025
whitlock,garrett,676477,whitg002,whitlga01,20191,2021,2025
quezada,johan,629498,quezj001,quezajo01,20643,2020,2023
cruz,steven,674444,cruzs001,cruzst01,23165,2023,2025
paredes,edward,487675,paree002,pareded02,4168,2017,2018
hendricks,kyle,543294,hendk001,hendrky01,12049,2014,2025
boshers,buddy,542953,boshb001,boshebu01,8490,2013,2019
baumann,mike,657508,baumm001,baumami01,20206,2021,2024
morales,franklin,462985,moraf001,moralfr01,5088,2007,2016
dugger,robert,667498,duggr001,duggero01,19191,2019,2022
maciejewski,josh,656671,macij002,maciejo01,-1,2024,2024
edwards,jon,457754,edwaj001,edwarjo02,1483,2014,2019
wittgren,nick,621295,wittn001,wittgni01,15594,2016,2023
cabrera,génesis,650893,cabrg001,cabrege01,17490,2019,2025
montas,frankie,593423,montf001,montafr02,14309,2015,2025
johnson,pierce,572955,johnp001,johnspi01,13435,2017,2025
winckowski,josh,670174,wincj001,winckjo01,22387,2022,2025
gore,mackenzie,669022,gorem001,gorema01,22201,2022,2025
álvarez,dario,516714,alvad001,alvarda01,14239,2014,2017
mikolas,miles,571945,mikom001,mikolmi01,9803,2012,2025
roycroft,chris,688297,roycc001,roycrch01,-1,2024,2025
miranda,aríel,664641,miraa002,miranar01,17526,2016,2018
alexander,scott,518397,alexs001,alexasc02,10591,2015,2025
reid-foley,sean,656887,reids001,reidfse01,17034,2018,2024
tauchman,mike,643565,taucm001,tauchmi01,15274,2017,2025
burleson,alec,676475,burla001,burleal01,27615,2022,2025
matusz,brian,451085,matub001,matusbr01,2646,2009,2016
kelly,zack,677161,kellz001,kellyza01,20349,2022,2025
muller,kyle,666205,mullk001,mulleky01,20167,2021,2024
barnett,mason,686930,barnm002,barnema02,-1,2025,2025
howell,j. p.,434442,howej003,howeljp01,8245,2005,2017
mcmillon,john,669111,mcmij001,mcmiljo01,27942,2023,2024
kranick,max,668820,kranm001,kranima01,22175,2021,2025
scott,tanner,656945,scott003,scottta01,17586,2017,2025
robertson,daniel,621002,robed004,roberda10,14145,2017,2021
jiménez,joe,641729,jimej003,jimenjo02,15761,2017,2024
paredes,enoli,660600,paree003,pareden01,20447,2020,2024
smith-shawver,aj,700363,smita001,smithaj01,29960,2023,2025
gomes,jonny,430404,gomej001,gomesjo01,1845,2003,2015
castro,harold,605612,casth001,castrha01,14691,2018,2023
loftin,nick,679845,loftn001,loftini01,27630,2023,2025
mills,wyatt,670090,millw002,millswy01,20010,2021,2022
murfee,penn,682171,murfp001,murfepe01,25174,2022,2025
meisinger,ryan,664682,meisr001,meisiry01,18105,2018,2021
clemens,paul,518560,clemp002,clemepa02,8037,2013,2016
ramírez,yohan,670990,ramiy002,ramiryo01,19444,2020,2025
smith,chad,605477,smitc003,smithch09,13604,2014,2015
mayfield,jack,608686,mayfj001,mayfija01,15402,2019,2022
morris,bryan,457768,morrb002,morribr01,10234,2012,2017
ashcraft,graham,668933,ashcg001,ashcrgr01,27552,2022,2025
hynes,colt,518833,hynec001,hynesco01,7560,2013,2015
ober,bailey,641927,oberb002,oberba01,21224,2021,2025
garabito,gerson,642520,garag001,garabge01,-1,2024,2025
buchanan,david,571527,buchd001,buchada01,11176,2014,2024
taillon,jameson,592791,tailj001,taillja01,11674,2016,2025
waddell,brandon,663399,waddb001,waddebr01,18347,2020,2025
luetge,lucas,476595,luetl001,luetglu01,8337,2012,2023
alexander,jason,669920,alexj001,alexaja01,19666,2022,2025
rusin,chris,543734,rusic001,rusinch01,9895,2012,2020
bieber,shane,669456,biebs001,biebesh01,19427,2018,2025
godley,zack,643327,godlz001,godleza01,14862,2015,2021
weathers,ryan,677960,weatr001,weathry01,23796,2021,2025
gilmartin,sean,543219,gilms001,gilmase01,12781,2015,2020
simmons,shae,623406,simms001,simmosh01,14200,2014,2017
bernardino,brennan,657514,bernb001,bernabr01,16835,2022,2025
santiago,héctor,502327,santh001,santihe01,4026,2011,2021
blevins,jerry,460283,blevj001,blevije01,7841,2007,2019
martin,davis,663436,martd006,martida03,21448,2022,2025
goeddel,erik,592340,goede001,goedder01,11712,2014,2018
guerra,deolis,500610,guerd001,guerrde01,8410,2015,2021
thorpe,drew,689672,thord001,thorpdr01,-1,2024,2024
salas,fernando,477569,salaf001,salasfe01,4971,2010,2019
balfour,grant,346797,balfg001,balfogr01,718,2001,2015
cannon,jonathan,686563,cannj001,cannojo02,-1,2024,2025
ogando,nefi,596331,ogann001,ogandne01,12253,2015,2016
neuse,sheldon,641914,neuss001,neusesh01,19635,2019,2022
muñoz,andrés,662253,munoa002,munozan01,20373,2019,2025
garcía,deivi,665620,garcd003,garcide01,20276,2020,2024
ramirez,noé,598287,ramin002,ramirno01,12800,2015,2022
graterol,brusdar,660813,gratb002,gratebr01,20367,2019,2024
kilian,caleb,668873,kilic001,kiliaca01,26213,2022,2024
monteverde,patrick,687287,montp001,montepa01,-1,2025,2025
strahm,matt,621381,stram001,strahma01,13799,2016,2025
drabek,kyle,475138,drabk001,drabeky01,4359,2010,2016
swanson,erik,657024,swane001,swanser01,16587,2019,2025
jewell,jake,657228,jewej001,jewelja01,16958,2018,2021
de jesus,enmanuel,646241,dejee001,dejesen01,18554,2023,2023
lópez,javier,425657,lopej002,lopezja02,1663,2003,2016
moll,sam,594580,molls001,mollsa01,14874,2017,2025
greenwood,nick,572889,green002,greenni02,8182,2014,2015
espada,jose,664744,espaj001,espadjo01,21131,2023,2025
smith,carson,605476,smitc004,smithca02,13172,2014,2018
ryan,joe,657746,ryanj002,ryanjo04,21390,2021,2025
hodge,porter,687863,hodgp001,hodgepo01,-1,2024,2025
owens,tyler,687074,owent001,owensty01,-1,2025,2025
eibner,brett,518649,eibnb001,eibnebr01,11369,2016,2020
hudson,dakota,641712,hudsd002,hudsoda02,19206,2018,2024
villarreal,pedro,543881,villp001,villape01,9904,2012,2015
reyes,franmil,614177,reyef001,reyesfr01,14566,2018,2023
webb,logan,657277,webbl001,webblo01,17995,2019,2025
holton,tyler,663947,holtt002,holtoty01,26231,2022,2025
curtiss,john,595928,curtj003,curtijo02,16128,2017,2025
cain,matt,430912,cainm001,cainma01,4732,2005,2017
bastardo,antonio,455374,basta001,bastaan01,8844,2009,2017
fry,paul,643316,fry-p001,frypa01,15832,2018,2022
garcía,luis,472610,garcl005,garcilu03,6984,2013,2025
church,marc,687847,churm001,churcma01,-1,2024,2025
wheeler,jason,605528,wheej001,wheelja01,13128,2017,2017
wimmers,alex,592872,wimma001,wimmeal01,11394,2016,2017
tomlin,josh,458708,tomlj001,tomlijo01,9388,2010,2021
frasor,jason,430630,frasj002,frasoja01,1906,2004,2015
williams,trevor,592866,willt002,willitr01,16977,2016,2025
leibrandt,brandon,605335,leibb001,leibrbr01,16135,2020,2024
knebel,corey,608349,knebc001,knebeco01,15010,2014,2022
mayers,mike,594577,mayem001,mayermi01,15451,2016,2023
wick,rowan,592858,wickr001,wickro01,14646,2018,2022
wood,blake,502028,woodb004,woodbl01,1345,2010,2018
de fratus,justin,518603,defrj001,defraju01,4955,2011,2015
roach,donn,543698,roacd001,roachdo01,10620,2014,2016
greene,hunter,668881,greeh001,greenhu01,22182,2022,2025
montero,rafael,606160,montr004,montera01,12760,2014,2025
yang,hyeon-jong,660365,yangh001,yanghy01,27513,2021,2021
agrazal,dario,642607,agrad001,agrazda01,15821,2019,2019
gómez,yoendrys,672782,gomey002,gomezyo01,22872,2023,2025
partch,curtis,489197,partc001,partccu01,1333,2013,2016
roupp,landen,694738,roupl001,rouppla01,30076,2024,2025
fernandez,ryan,681676,fernr001,fernary01,-1,2024,2025
danish,tyler,641501,danit001,danisty01,15126,2016,2022
o'grady,chris,622217,ograc001,ogradch01,13818,2017,2018
colón,joe,571572,coloj002,colonjo01,4920,2016,2016
rojas,josh,668942,rojaj001,rojasjo01,19734,2019,2025
arroyo,bronson,276520,arrob001,arroybr01,978,2000,2017
coleman,casey,488787,colec001,colemca01,8270,2010,2014
casparius,ben,676508,caspb001,caspabe01,-1,2024,2025
kendrick,kyle,452718,kendk001,kendrky01,6230,2007,2017
mcrae,alex,656725,mcraa001,mcraeal01,16317,2018,2021
sceroler,mac,669135,scerm001,sceroma01,22218,2021,2021
beck,tristan,663941,beckt002,becktr01,21584,2023,2025
burdi,nick,595897,burdn001,burdini01,16074,2018,2025
gaddis,hunter,683769,gaddh001,gaddihu01,25636,2022,2025
green,chad,643338,greec003,greench03,15552,2016,2025
mathis,jeff,425772,mathj001,mathije01,3448,2005,2021
stewart,kohl,640464,stewk001,stewako01,15502,2018,2021
pérez,martín,527048,perem004,perezma02,6902,2012,2025
parnell,bobby,458730,parnb001,parnebo01,9926,2008,2016
zerpa,angel,672582,zerpa001,zerpaan01,22717,2021,2025
misiewicz,anthony,664948,misia001,misiean01,18152,2020,2025
mchugh,collin,543521,mchuc001,mchugco01,7531,2012,2023
ruíz,norge,650204,ruizn001,ruizno01,19580,2022,2022
armenteros,rogelio,660494,armer001,armenro01,17679,2019,2019
báez,michel,673258,baezm001,baezmi01,20100,2019,2022
younginer,madison,572283,younm005,youngma03,10636,2016,2016
teaford,everett,501870,teafe001,teafoev01,3732,2011,2015
vargas,jason,450306,vargj001,vargaja01,8044,2005,2019
syndergaard,noah,592789,syndn001,syndeno01,11762,2015,2023
bermúdez,jonathan,642834,bermj001,bermujo01,-1,2024,2024
harris,will,501789,harrw002,harriwi10,3192,2012,2021
smith,drew,622098,smitd009,smithdr01,17755,2018,2024
kela,keone,605309,kelak001,kelake01,14696,2015,2021
vieira,thyago,600986,vieit001,vieirth01,14510,2017,2024
davies,zach,605200,daviz001,davieza02,13183,2015,2023
leathersich,jack,605333,leatj001,leathja01,12562,2015,2017
sproat,brandon,687075,sprob001,sproabr01,-1,2025,2025
hollowell,gavin,668970,hollg002,holloga01,25427,2022,2025
de jong,chase,608328,dejoc001,dejonch01,15036,2017,2023
wesneski,hayden,669713,wesnh001,wesneha01,27581,2022,2025
rodriguez,bradgley,699134,rodrb001,rodribr01,-1,2025,2025
ross,joe,605452,rossj002,rossjo01,12972,2015,2025
rodríguez,josé,642578,rodrj006,rodrijo07,17860,2019,2023
wilcox,cole,677961,wilcc001,wilcoco01,-1,2025,2025
morris,akeel,592570,morra001,morriak01,12185,2015,2018
masterson,justin,475416,mastj001,masteju01,2038,2008,2015
gray,sonny,543243,grays001,grayso01,12768,2013,2025
basso,brady,669620,bassb002,bassobr01,-1,2024,2025
greene,shane,572888,grees005,greensh02,10756,2014,2023
runzler,dan,502130,runzd001,runzlda01,4080,2009,2017
funderburk,kody,681892,fundk001,fundeko01,24993,2023,2025
mccormick,chas,676801,mccoc001,mccorch01,19599,2021,2025
andrews,clayton,677076,andrc002,andrecl02,23631,2023,2024
díaz,miguel,622766,diazm004,diazmi02,18815,2017,2024
pérez,williams,554234,perew001,perezwi01,11592,2015,2016
badenhop,burke,488674,badeb001,badenbu01,9736,2008,2015
vallimont,chris,681808,vallc001,vallich01,24935,2023,2023
almonte,miguel,602083,almom001,almonmi01,14139,2015,2018
maile,luke,571912,maill001,mailelu01,13355,2015,2025
brown,hunter,686613,browh001,brownhu01,25880,2022,2025
neely,jack,680891,neelj001,neelyja01,-1,2024,2024
hernández,darwinzon,650382,hernd004,hernada02,19848,2019,2022
romero,seth,656913,romes002,romerse01,21333,2020,2020
scott,robby,582494,scotr001,scottro02,13042,2016,2019
wang,chien-ming,425426,wangc001,wangch01,2074,2005,2016
dwyer,chris,543125,dwyec001,dwyerch01,10045,2013,2013
saupold,warwick,599683,saupw001,saupowa01,13211,2016,2018
myers,wil,571976,myerw001,myerswi01,10047,2013,2023
lodolo,nick,666157,lodon001,lodolni01,26378,2022,2025
márquez,germán,608566,marqg001,marquge01,15038,2016,2025
short,zack,670097,shorz001,shortza01,19562,2021,2025
holland,derek,502706,holld003,hollade01,4141,2009,2021
hutchison,drew,571800,hutcd001,hutchdr01,10732,2012,2022
hill,taylor,592398,hillt001,hillta01,12515,2014,2015
gilbert,tyler,656457,gilbt001,gilbety01,17964,2021,2025
bergen,travis,664157,bergt001,bergetr01,18581,2019,2021
mcdermott,chayce,694646,mcdec001,mcderch01,-1,2024,2025
varvaro,anthony,460008,varva001,varvaan01,2385,2010,2015
raburn,ryan,430605,rabur001,raburry01,2218,2004,2017
king,mike,650633,kingm002,kingmi01,19853,2019,2025
maldonado,martín,455117,maldm001,maldoma01,6887,2011,2025
ramirez,nick,598286,ramin003,ramirni01,12575,2019,2024
marshall,evan,605359,marse001,marshev01,12297,2014,2021
calvo,blair,663971,calvb001,calvobl01,25416,2023,2023
gausman,kevin,592332,gausk001,gausmke01,14107,2013,2025
rasmussen,rob,519169,rasmr001,rasmuro01,11250,2014,2015
o'rourke,ryan,594951,orour001,orourry01,10976,2015,2019
thomas,lane,657041,thoml002,thomala02,16939,2019,2025
zych,tony,543964,zycht001,zychto01,12876,2015,2017
butera,drew,460077,buted001,buterdr01,3411,2010,2021
palencia,daniel,694037,paled001,palenda01,27914,2023,2025
coke,phil,457435,cokep001,cokeph01,5535,2008,2016
englert,mason,669438,englm001,englema01,22288,2023,2025
young,jared,676724,younj003,youngja02,20404,2022,2025
ramírez,j. c.,500724,ramij002,ramirjc01,8302,2013,2019
niese,jonathon,477003,niesj001,niesejo01,4424,2008,2016
workman,brandon,519443,workb001,workmbr01,11428,2013,2021
puk,a. j.,640462,puk-a001,pukaj01,19343,2019,2025
rodriguez,grayson,680570,rodrg003,rodrigr01,24492,2023,2024
hernández,ariel,554374,herna004,hernaar01,15603,2017,2017
delgado,randall,517414,delgr001,delgara01,5985,2011,2018
lail,brady,621078,lailb001,lailbr01,14707,2019,2021
sawamura,hirokazu,617228,sawah001,sawamhi01,27515,2021,2022
kluber,corey,446372,klubc001,klubeco01,2429,2011,2023
festa,david,701581,festd001,festada01,-1,2024,2025
wood,alex,622072,wooda002,woodal02,13781,2013,2024
santos,luis,608601,santl001,santolu01,15006,2017,2018
braymer,ben,664069,brayb002,braymbe01,20175,2020,2020
wilson,tyler,592869,wilst004,wilsoty01,12691,2015,2017
hauschild,mike,623434,hausm001,hauscmi01,14033,2017,2018
weissert,greg,669711,weisg001,weissgr01,20375,2022,2025
merryweather,julian,657240,merrj001,merryju01,16703,2020,2025
barrios,yhonathan,553872,barry001,barriyh01,11166,2015,2015
hammel,jason,434628,hammj002,hammeja01,4538,2006,2018
hummel,cooper,669450,hummc001,hummeco01,19458,2022,2025
young,brandon,687064,younb001,youngbr01,-1,2025,2025
thomas,connor,671162,thomc004,thomaco02,-1,2025,2025
yamamoto,yoshinobu,808967,yamay001,yamamyo01,33825,2024,2025
maldonado,anthony,687424,malda001,maldoan01,-1,2024,2025
arihara,kohei,685503,arihk001,arihako01,27505,2021,2022
grotz,zac,665093,grotz001,grotzza01,18256,2019,2020
farmer,kyle,571657,farmk001,farmeky01,14813,2017,2025
beede,tyler,595881,beedt001,beedety01,16981,2018,2024
newcomb,sean,656794,newcs001,newcose01,16943,2017,2025
boscán,wilfredo,517448,boscw001,boscawi01,7655,2016,2016
ramirez,emmanuel,642629,ramie006,ramirem01,-1,2024,2024
mateo,marcos,456496,matem001,mateoma01,6869,2010,2015
brzykcy,zach,694350,brzyz001,brzykza01,-1,2024,2025
nastrini,nick,680897,nastn001,nastrni01,-1,2024,2024
hudson,tim,218596,hudst001,hudsoti01,921,1999,2015
cease,dylan,656302,ceasd001,ceasedy01,18525,2019,2025
wolf,ross,448693,wolfr002,wolfro01,4534,2007,2013
moran,brian,572383,morab001,moranbr01,9646,2019,2022
sale,chris,519242,salec001,salech01,10603,2010,2025
banuelos,manny,544365,banum001,banuema01,5365,2015,2022
banks,tanner,621383,bankt001,banksta01,16990,2022,2025
povse,max,605428,povsm001,povsema01,16165,2017,2017
maples,dillon,596027,mapld001,mapledi01,14672,2017,2021
griffin,foster,656492,griff001,grifffo01,16432,2020,2022
salazar,danny,517593,salad001,salazda01,5867,2013,2019
keller,brad,641745,kellb003,kellebr01,15734,2018,2025
clippard,tyler,461325,clipt001,clippty01,5640,2007,2022
wendelken,j. b.,605525,wendj001,wendejb01,14506,2016,2022
medina,luis,665622,medil002,medinlu02,21649,2023,2024
gallardo,yovani,451596,gally001,gallayo01,8173,2007,2018
jones,nate,518858,jonen001,jonesna01,4696,2012,2021
brantly,rob,542963,branr002,brantro01,10655,2012,2025
marks,justin,476123,markj001,marksju01,10265,2014,2017
ventura,yordano,570649,venty001,ventuyo01,11855,2013,2016
rogers,trevor,669432,roget003,rogertr01,22286,2020,2025
osich,josh,592612,osicj001,osichjo01,11528,2015,2021
pérez,cionel,672335,perec004,perezci01,19614,2018,2025
kelley,trevor,665001,kellt002,kelletr01,18454,2019,2023
cleavinger,garrett,664076,cleag001,cleavga01,17897,2020,2025
sears,jp,676664,searj001,searsjp01,23429,2022,2025
bruján,vidal,660644,brujv001,brujavi01,20536,2021,2025
ginkel,kevin,656464,ginkk001,ginkeke01,19876,2019,2025
bachman,sam,696147,bachs001,bachmsa01,29754,2023,2025
rodríguez,randy,678495,rodrr010,rodrira02,-1,2024,2025
graham,j. r.,543242,grahj002,grahajr01,12042,2015,2016
garcía,jaime,448802,garcj004,garcija02,8137,2008,2018
avila,luinder,679883,avill002,avilalu02,-1,2025,2025
oberholtzer,brett,519085,oberb001,oberhbr01,3855,2013,2016
walden,jordan,477229,waldj001,waldejo01,3271,2010,2015
sabrowski,erik,681870,sabre001,sabroer01,-1,2024,2025
holmes,grant,656550,holmg001,holmegr01,-1,2024,2025
kolarek,adam,592473,kolaa001,kolarad01,10843,2017,2023
brewer,charles,502033,brewc001,brewech01,9155,2013,2013
pivetta,nick,601713,piven001,pivetni01,15454,2017,2025
villanueva,carlos,453646,villc001,villaca01,4138,2006,2016
hessler,keith,594857,hessk001,hesslke01,12220,2015,2016
cotts,neal,425840,cottn001,cottsne01,1797,2003,2015
merrifield,whit,593160,merrw001,merriwh01,11281,2016,2024
cronin,declan,686539,crond001,cronide01,25645,2023,2024
peralta,joel,407908,peraj002,peraljo01,2332,2005,2016
underwood,duane,621249,unded001,underdu01,14677,2018,2023
hancock,emerson,676106,hance001,hancoem01,27470,2023,2025
savery,joe,456045,savej001,saverjo01,2835,2011,2014
logue,zach,656657,loguz001,logueza01,20231,2022,2024
baldonado,alberto,593604,balda001,baldoal01,11812,2021,2021
peguero,elvis,665625,pegue001,pegueel01,21652,2021,2025
graves,brett,605255,gravb001,gravebr01,16218,2018,2018
eickhoff,jerad,595191,eickj001,eickhje01,12664,2015,2022
payano,pedro,622797,payap001,payanpe01,18313,2019,2019
farmer,buck,571656,farmb001,farmebu01,14814,2014,2024
dollander,chase,801403,dollc001,dollach01,-1,2025,2025
young,chris,432934,younc003,youngch03,3196,2004,2017
alexy,a. j.,669935,alexa001,alexyaj01,22343,2021,2022
gregerson,luke,502381,gregl001,gregelu01,4090,2009,2019
kensing,logan,434137,kensl001,kensilo01,6166,2004,2016
lamarre,ryan,534606,lamar001,lamarry01,10700,2015,2021
karinchak,james,675916,karij001,karinja01,20151,2019,2023
staumont,josh,622251,stauj001,staumjo01,18335,2019,2024
ruiz,josé,614179,ruizj001,ruizjo01,14552,2017,2025
baumann,buddy,571473,baumb001,baumabu01,9309,2016,2018
mullee,conor,571969,mullc001,mulleco01,11580,2016,2016
hinojosa,dalier,648737,hinod001,hinojda01,15671,2015,2016
difo,wilmer,594694,difow001,difowi01,14320,2015,2022
arano,víctor,644364,aranv001,aranovi01,15915,2017,2022
orze,eric,679358,orzee001,orzeer01,-1,2024,2025
cuas,josé,621016,cuasj001,cuasjo01,17701,2022,2024
iriarte,jairo,683568,iriaj001,iriarja01,-1,2024,2024
mazzoni,cory,543508,mazzc001,mazzoco01,12537,2015,2018
moronta,reyes,606625,moror001,moronre01,14966,2017,2023
kahnle,tommy,592454,kahnt001,kahnlto01,11384,2014,2025
kennedy,ian,453178,kenni001,kenneia01,6986,2007,2023
cederlind,blake,664977,cedeb001,cederbl01,20344,2020,2020
parker,blake,453284,parkb001,parkebl01,5224,2012,2021
avilán,luis,501593,avill001,avilalu01,2882,2012,2021
kowar,jackson,663804,kowaj001,kowarja01,21549,2021,2025
knudson,guido,605317,knudg001,knudsgu01,12669,2015,2015
hellickson,jeremy,476451,hellj001,hellije01,4371,2010,2019
poppen,sean,664092,popps001,poppese01,19583,2019,2022
lane,jason,407835,lanej001,laneja01,1397,2002,2014
cameron,noah,702070,camen001,camerno01,-1,2025,2025
coulombe,danny,543056,could001,couloda01,13293,2014,2025
jansen,kenley,445276,jansk001,janseke01,3096,2010,2025
heasley,jonathan,669169,heasj001,heasljo01,22224,2021,2024
sogard,eric,519299,sogae001,sogarer01,7927,2010,2021
pill,tyler,543652,pillt001,pillty01,12751,2017,2017
mattson,isaac,676755,matti001,mattsis01,20385,2021,2025
montgomery,jordan,656756,montj004,montgjo01,16511,2017,2024
alcántara,sandy,645261,alcas001,alcansa01,18684,2017,2025
mazur,adam,800049,mazua001,mazurad01,31900,2024,2025
bukauskas,j. b.,656266,bukaj001,bukaujb01,20491,2021,2024
waldrep,hurston,694462,waldh001,waldrhu01,-1,2024,2025
velasquez,vince,592826,velav001,velasvi01,11189,2015,2023
sanmartin,reiver,665665,sanmr001,sanmare01,19754,2021,2025
richardson,lyon,680689,richl001,richaly01,24581,2023,2025
cody,kyle,621129,codyk001,codyky01,19686,2020,2021
rodríguez,paco,572089,rodrp001,rodrist02,13398,2012,2015
murata,toru,538506,murat001,muratto01,11652,2015,2015
peters,dillon,596071,peted001,peterdi01,18790,2017,2022
walker,josh,677020,walkj004,walkejo03,23617,2023,2025
blanco,ronel,669854,blanr001,blancro01,19407,2022,2025
trivino,lou,642152,trivl001,trivilo01,15043,2018,2025
reynolds,mark,448602,reynm001,reynoma01,7619,2007,2019
sheehan,emmet,686218,sheee001,sheehem01,29839,2023,2025
bumgarner,madison,518516,bumgm001,bumgama01,5524,2009,2023
dunning,dane,641540,dunnd001,dunnida01,19409,2020,2025
happ,ian,664023,happi001,happia01,17919,2017,2025
wolfram,grant,664991,wolfg001,wolfrgr01,-1,2025,2025
mazzaro,vin,476570,mazzv001,mazzavi01,5231,2009,2016
farquhar,danny,543144,farqd001,farquda01,8501,2011,2018
bailey,homer,456701,bailh001,baileho02,8362,2007,2020
leahy,kyle,681517,leahk001,leahyky01,24763,2023,2025
germano,justin,430683,germj001,germaju01,1938,2004,2014
zamora,daniel,623354,zamod001,zamorda01,17811,2018,2021
hernandez,jose,669796,hernj005,hernajo03,22318,2023,2024
montes de oca,bryce,656755,montb001,montebr01,21319,2022,2022
faulkner,andrew,605226,faula001,faulkan01,12982,2015,2016
burrows,mike,681347,burrm001,burromi01,-1,2024,2025
davis,wade,451584,daviw001,daviswa01,7441,2009,2021
lee,dylan,669276,lee-d005,leedy01,19996,2021,2025
jankowski,travis,608671,jankt001,jankotr01,13768,2015,2025
svanson,matt,694335,svanm001,svansma01,-1,2025,2025
pérez,francisco,660906,peref002,perezfr01,21018,2021,2023
cecil,brett,446399,cecib001,cecilbr01,2660,2009,2018
flande,yohan,456071,flany001,flandyo01,5057,2014,2016
halvorsen,seth,678020,halvs001,halvose01,-1,2024,2025
batten,matthew,676946,battm001,battema01,20157,2022,2024
kingham,nick,592468,kingn001,kinghni01,11694,2018,2019
kennedy,brett,664028,kennb001,kennebr02,17877,2018,2023
albers,matt,458006,albem001,alberma01,4300,2006,2019
sánchez,aníbal,434671,sanca004,sanchan01,3284,2006,2022
peralta,david,444482,perad001,peralda01,2136,2014,2024
harvey,hunter,640451,harvh001,harvehu01,15507,2019,2025
rodríguez,francisco,408061,rodrf003,rodrifr03,1642,2002,2017
heineman,tyler,623168,heint001,heinety01,13897,2019,2025
contreras,roansy,672710,contr001,contrro01,22810,2021,2025
hall,dl,669084,halld004,halldl01,22207,2022,2025
ferguson,caleb,657571,fergc001,ferguca01,19349,2018,2025
herrmann,frank,497807,herrf001,herrmfr01,7960,2010,2016
paterson,joe,519110,patej001,paterjo01,2565,2011,2014
kiner-falefa,isiah,643396,kinei001,kineris01,16512,2018,2025
wheeler,zack,554430,wheez001,wheelza01,10310,2013,2025
lópez,yoan,661255,lopey001,lopezyo01,17181,2018,2022
romano,sal,607219,romas001,romansa01,13690,2017,2021
mariot,michael,592527,marim001,mariomi01,10835,2014,2023
foster,matt,641582,fostm001,fostema01,19647,2020,2024
mujica,edward,465629,mujie001,mujiced01,3970,2006,2017
bido,osvaldo,674370,bidoo001,bidoos01,23150,2023,2025
honeywell,brent,641703,honeb001,honeybr01,16466,2021,2024
martín,leonys,547982,martl004,martile01,11846,2011,2019
hedges,austin,595978,hedga001,hedgeau01,12976,2015,2025
murphy,chris,669684,murpc001,murphch01,26214,2023,2025
nolasco,ricky,445060,nolar001,nolasri01,3830,2006,2017
ramírez,neil,519166,ramin001,ramirne01,7677,2014,2019
german,frank,681464,germf002,germafr02,24750,2022,2022
liberatore,matthew,669461,libem001,liberma01,22294,2022,2025
diekman,jake,518617,diekj001,diekmja01,5003,2012,2024
rivera,emmanuel,656896,rivee001,riverem01,19890,2021,2025
morgan,david,688158,morgd001,morgada01,-1,2025,2025
chacín,alejandro,591701,chaca001,chacial01,13530,2017,2017
cole,gerrit,543037,coleg001,colege01,13125,2013,2024
fister,doug,450729,fistd001,fistedo01,9425,2009,2018
rodriguez,nivaldo,670550,rodrn002,rodrini01,22449,2020,2021
ponce de leon,daniel,594965,poncd001,ponceda01,16110,2018,2021
alberto,hanser,593643,albeh001,alberha01,11902,2015,2023
asencio,jairo,446003,valdl001,valdelu01,3332,2009,2013
topa,justin,623437,topaj001,topaju01,15145,2020,2025
stripling,ross,548389,strir001,stripro01,13273,2016,2024
tetreault,jackson,676194,tetrj001,tetreja01,20565,2022,2022
bundy,dylan,605164,bundd001,bundydy01,12917,2012,2022
davis,austin,656354,davia003,davisau01,17117,2018,2024
roe,chaz,475054,roe-c001,roech01,9866,2013,2021
shawaryn,mike,642067,shawm001,shawami01,19495,2019,2019
nesbitt,ángel,553970,nesba001,nesbian01,13415,2015,2015
boyer,blaine,430641,boyeb001,boyerbl01,2237,2005,2018
fishman,jake,670288,fishj002,fishmja01,20060,2022,2022
raley,brooks,548384,raleb001,raleybr01,10061,2012,2025
lewis,colby,407890,lewic001,lewisco01,1259,2002,2016
martin,chris,455119,martc007,martich02,11847,2014,2025
venters,jonny,458924,ventj001,ventejo01,7175,2010,2019
peacock,brad,502748,peacb001,peacobr01,5401,2011,2021
mckinstry,zach,656716,mckiz001,mckinza01,19392,2020,2025
manship,jeff,453249,mansj001,manshje01,6865,2009,2016
davis,j. d.,605204,davij006,davisjd01,16219,2017,2025
white,tyler,643603,whitt002,whitety01,15564,2016,2019
ravin,josh,502051,ravij001,ravinjo01,2951,2015,2018
doval,camilo,666808,dovac001,dovalca01,21992,2021,2025
spitzbarth,shea,665661,spits001,spitzsh01,18475,2021,2021
anderson,nick,623433,anden001,anderni01,18337,2019,2025
rosenthal,trevor,572096,roset001,rosentr01,10745,2012,2020
locke,jeff,502046,lockj001,lockeje01,2929,2011,2017
verhagen,drew,572403,verhd001,verhadr01,13424,2014,2023
ward,thaddeus,663658,wardt003,wardth01,21513,2023,2023
adon,joan,672851,adonj001,adonjo01,22925,2021,2024
johnson,erik,605304,johne003,johnser04,12520,2013,2016
bolton,cody,675989,boltc001,boltoco01,23265,2023,2025
loutos,ryan,702795,loutr001,loutory01,-1,2024,2025
walters,andrew,689958,walta001,waltean01,-1,2024,2025
lamb,john,543424,lambj002,lambjo02,8493,2015,2018
cloyd,tyler,543031,cloyt001,cloydty01,8536,2012,2018
fuentes,didier,800311,fuend001,fuentdi01,-1,2025,2025
biddle,jesse,592145,biddj001,biddlje01,11437,2018,2021
mills,alec,621219,milla003,millsal02,13834,2016,2023
ribalta,orlando,687377,ribao001,ribalor01,-1,2024,2025
cleto,maikel,521055,cletm001,cletoma01,5529,2011,2014
zimmer,kyle,622092,zimmk001,zimmeky01,14169,2019,2021
yajure,miguel,664337,yajum001,yajurmi01,21111,2020,2022
white,mitch,669952,whitm004,whitemi03,19225,2020,2024
bradley,jackie,598265,bradj001,bradlja02,12984,2013,2023
stanek,ryne,592773,stanr002,stanery01,15947,2017,2025
wacha,michael,608379,wachm001,wachami01,14078,2013,2025
strowd,kade,669704,strok001,strowka01,-1,2025,2025
bochy,brett,594762,bochb003,bochybr02,11867,2014,2015
selby,colin,681882,selbc001,selbyco01,24986,2023,2025
cordero,jimmy,622772,cordj001,cordeji01,15690,2018,2023
harrison,kyle,690986,harrk001,harriky01,27758,2023,2025
reyes,gerardo,622103,reyeg002,reyesge01,16306,2019,2024
parra,gerardo,467827,parrg001,parrage01,8553,2009,2021
yamamoto,jordan,657141,yamaj001,yamamjo01,17585,2019,2021
small,ethan,663629,smale001,smallet01,26364,2022,2023
wilson,justin,458677,wilsj004,wilsoju10,4301,2012,2025
bauer,trevor,545333,bauet001,bauertr01,12703,2012,2021
bowlan,jonathan,680742,bowlj001,bowlajo01,24607,2023,2025
scholtens,jesse,669947,schoj002,scholje01,19205,2023,2025
head,louis,545343,headl001,headlo01,13259,2021,2022
espinal,raynel,642659,espir001,espinra01,19516,2021,2022
ponce,cody,664074,poncc002,ponceco01,17920,2020,2021
berríos,josé,621244,berrj001,berrijo01,14168,2016,2025
barbato,johnny,592127,barbj001,barbajo01,11440,2016,2018
hicks,jordan,663855,hickj002,hicksjo03,19618,2018,2025
petit,yusmeiro,433589,petiy001,petityu01,4020,2006,2021
sims,lucas,608371,simsl001,simslu01,13470,2017,2025
saunders,joe,434578,saunj001,saundjo01,4366,2005,2014
peña,félix,570240,penaf002,penafe01,13403,2016,2021
hughes,jared,453172,hughj001,hugheja02,9325,2011,2020
gray,josiah,680686,grayj004,grayjo03,24580,2021,2024
brewer,colten,605155,brewc002,breweco01,12997,2018,2024
bradford,chase,607473,bradc002,bradfch02,12452,2017,2019
stephan,trevor,663986,stept002,stephtr01,19932,2021,2023
díaz,dayán,500765,diazd001,diazda01,11543,2016,2017
anderson,drew,623454,anded003,anderdr02,15130,2017,2021
descalso,daniel,518614,descd001,descada01,8392,2010,2019
kloffenstein,adam,680572,klofa001,kloffad01,-1,2024,2024
valdéz,phillips,570488,valdp002,valdeph01,15605,2019,2022
fried,max,608331,friem001,friedma01,13743,2017,2025
liriano,francisco,434538,lirif001,liriafr01,3201,2005,2019
tropeano,nick,607374,tropn001,tropeni01,12385,2014,2021
carle,shane,641438,carls002,carlesh01,15258,2017,2019
betances,dellin,476454,betad001,betande01,6216,2011,2021
wooten,rob,543942,wootr001,wootero01,8532,2013,2015
smith,burch,572143,smitb005,smithbu03,12784,2013,2024
grace,matt,594840,gracm003,gracema02,11449,2015,2020
smith,cade,671922,smitc009,smithca06,27867,2024,2025
myers,tobias,668964,myert001,myersto01,-1,2024,2025
hartlieb,geoff,664129,hartg001,hartlge01,19558,2019,2025
brown,ben,676962,browb006,brownbe02,23590,2024,2025
smith,riley,642092,smitr005,smithri01,19826,2020,2021
lee,evan,681885,lee-e001,leeev01,24988,2022,2022
maddox,austin,545348,madda001,maddoau01,14241,2017,2017
williams,taylor,592865,willt003,willita01,14899,2017,2021
forsythe,logan,523253,forsl001,forsylo01,7185,2011,2020
madero,luís,650347,madel001,maderlu01,20399,2021,2021
may,dustin,669160,may-d003,maydu01,19716,2019,2025
castano,daniel,641447,castd003,castada01,19805,2020,2023
perez,hector,660431,pereh002,perezhe02,18592,2020,2023
musgrave,harrison,643466,musgh001,musgrha01,16532,2018,2019
detwiler,ross,446321,detwr001,detwiro01,2859,2007,2022
hampson,garrett,641658,hampg001,hampsga01,19262,2018,2025
stock,robert,476594,stocr001,stockro01,6576,2018,2025
guthrie,jeremy,425386,guthj001,guthrje01,2072,2004,2017
altavilla,dan,656186,altad001,altavda01,16507,2016,2025
clarke,taylor,664199,clart003,clarkta01,17611,2019,2025
marvel,james,621086,marvj001,marveja01,19675,2019,2019
warren,will,701542,warrw001,warrewi01,-1,2024,2025
perkins,jack,678022,perkj001,perkija01,-1,2025,2025
fitts,richard,690916,fittr001,fittsri01,-1,2024,2025
dunn,justin,643290,dunnj002,dunnju01,19268,2019,2022
buchter,ryan,488748,buchr001,buchtry01,9456,2014,2021
socolovich,miguel,462515,socom001,socolmi01,6697,2012,2018
dunn,mike,445197,dunnm002,dunnmi01,9948,2009,2019
hurt,kyle,669165,hurtk001,hurtky01,27514,2023,2024
meyer,ben,656738,meyeb002,meyerbe02,18854,2018,2018
huff,david,453307,huffd001,huffda01,4257,2009,2016
givens,mychal,571710,givem001,givenmy01,10430,2015,2023
bazardo,eduard,660825,bazae001,bazared01,20997,2021,2025
sherfy,james,642073,sherj001,sherfji01,15118,2017,2021
neidert,nick,663734,neidn001,neideni01,18699,2020,2022
cruz,jesus,672911,cruzj006,cruzje01,20042,2020,2022
bubic,kris,663460,bubik001,bubickr01,21455,2020,2025
altherr,aaron,571437,altha001,altheaa01,11270,2014,2019
martinez,seth,661527,marts003,martise01,21045,2021,2025
machi,jean,466948,machj002,machije01,3220,2012,2017
valaika,pat,642162,valap001,valaipa01,14885,2016,2021
tarpley,stephen,605501,tarps001,tarplst01,15859,2018,2021
jay,tyler,664079,jay-t001,jayty01,-1,2024,2024
ross,robbie,543726,rossr002,rossro01,6819,2012,2017
luciano,elvis,672773,lucie001,luciael01,20632,2019,2019
papelbon,jonathan,449097,papej001,papeljo01,5975,2005,2016
sandoval,patrick,663776,sandp002,sandopa02,19447,2019,2024
tidwell,blade,694918,tidwb001,tidwebl01,-1,2025,2025
fillmyer,heath,641571,fillh001,fillmhe01,17466,2018,2019
moore,andrew,621058,moora002,moorean02,17553,2017,2019
uehara,koji,493157,uehak001,ueharko01,9227,2009,2017
springs,jeffrey,605488,sprij001,sprinje01,17677,2018,2025
ríos,yacksel,605441,riosy001,riosya01,15007,2017,2023
moya,gabriel,622382,moyag001,moyaga01,16348,2017,2018
pujols,albert,405395,pujoa001,pujolal01,1177,2001,2022
brasier,ryan,518489,brasr001,brasiry01,5615,2013,2025
collins,tim,525768,collt001,colliti01,3164,2011,2019
quantrill,cal,615698,quanc001,quantca01,19312,2019,2025
gordon,nick,624503,gordn001,gordoni01,16337,2021,2024
o'flaherty,eric,447714,oflae001,oflaher01,5746,2006,2017
rodríguez,joely,570257,rodrj004,rodrijo06,11487,2016,2024
maness,seth,595307,manes001,manesse01,12235,2013,2017
sánchez,miguel,667376,sancm001,sanchmi01,20074,2021,2022
taylor,josh,657031,taylj001,taylojo02,17359,2019,2023
gearrin,cory,518715,gearc001,gearrco01,7947,2011,2020
grove,michael,675627,grovm001,grovemi01,23221,2022,2024
gipson-long,sawyer,687830,gipss001,gipsosa01,26048,2023,2025
steckenrider,drew,608716,stecd001,steckdr01,18806,2017,2022
cingrani,tony,571561,cingt001,cingrto01,12555,2012,2018
nittoli,vinny,657697,nittv001,nittovi01,16754,2021,2024
wieck,brad,623364,wiecb001,wieckbr01,16390,2018,2021
fiers,mike,571666,fierm001,fiersmi01,7754,2011,2021
irvin,cole,608344,irvic001,irvinco01,19244,2019,2024
wright,daniel,642229,wrigd003,wrighda04,15179,2016,2017
sheffield,jordan,642068,shefj002,sheffjo01,19682,2021,2022
zeferjahn,ryan,666171,zefer001,zeferry01,-1,2024,2025
castillo,max,666721,castm003,castima03,21956,2022,2023
mcclain,reggie,596035,mcclr001,mcclare01,19311,2019,2020
montero,keider,672456,montk001,monteke01,-1,2024,2025
suárez,andrew,605498,suara002,suarean01,18300,2018,2023
gonzález,luis,670768,gonzl005,gonzalu03,20332,2020,2022
núñez,darién,628345,nuned002,nunezda01,21197,2021,2021
domínguez,josé,523848,domij002,dominjo01,11571,2013,2016
vargas,carlos,672841,vargc003,vargaca01,22915,2023,2025
bassitt,chris,605135,bassc001,bassich01,12304,2014,2025
morton,charlie,450203,mortc002,mortoch02,4676,2008,2025
lao,sauryn,666659,lao-s001,laosa01,-1,2025,2025
tellez,rowdy,642133,tellr001,tellero01,15679,2018,2025
piña,robinson,673820,pinar001,pinaro01,-1,2025,2025
shields,james,448306,shiej002,shielja02,7059,2006,2018
butler,eddie,572750,butle001,butleed01,13453,2014,2018
enns,dietrich,608650,ennsd001,ennsdi01,13932,2017,2025
acevedo,domingo,642758,acevd001,acevedo01,17092,2021,2023
severino,luis,622663,sevel001,severlu01,15890,2015,2025
soto,giovanni,543803,sotog002,sotogi01,10330,2015,2015
skoglund,eric,607215,skoge001,skogler01,16155,2017,2019
chivilli,angel,683409,chiva001,chivian01,-1,2024,2025
jackson,andre,656578,jacka003,jacksan01,21298,2021,2023
smoker,josh,519294,smokj001,smokejo01,10285,2016,2018
loup,aaron,571901,loupa001,loupaa01,10343,2012,2023
coleman,louis,488786,colel001,colemlo01,9720,2011,2018
hamilton,ian,641656,hamii001,hamilia01,19261,2018,2025
lowe,mark,450275,lowem002,lowema01,7416,2006,2016
madden,ty,680744,maddt001,maddety01,-1,2024,2024
watkins,spenser,657093,watks003,watkisp01,17489,2021,2023
mize,casey,663554,mizec001,mizeca01,20492,2020,2025
paxton,james,572020,paxtj001,paxtoja01,11828,2013,2024
teng,kai-wei,678906,tengk001,tengka01,24282,2024,2025
bethancourt,christian,542194,bethc001,bethach01,10028,2013,2024
báez,sandy,622783,baezs001,baezsa01,17754,2018,2019
rodríguez,yariel,684320,rodry003,rodriya01,-1,2024,2025
chapman,aroldis,547973,chapa001,chapmar01,10233,2010,2025
junk,janson,676083,junkj001,junkja01,23301,2021,2025
burr,ryan,621114,burrr002,burrry01,17536,2018,2025
stiever,jonathan,680692,stiej001,stievjo01,24584,2020,2021
garcía,leury,544725,garcl004,garcile02,5913,2013,2022
morales,francisco,672839,moraf002,moralfr02,22913,2022,2022
lloyd,kyle,643414,lloyk001,lloydky01,15378,2017,2017
hatch,thomas,641672,hatct001,hatchto01,19264,2020,2025
tepesch,nick,519344,tepen001,tepesni01,11716,2013,2017
hudson,daniel,543339,hudsd001,hudsoda01,7146,2009,2024
affeldt,jeremy,346793,affej001,affelje01,583,2002,2015
greinke,zack,425844,greiz001,greinza01,1943,2004,2023
belisario,ronald,430613,belir001,belisro01,2203,2009,2015
frieri,ernesto,457117,friee001,frierer01,5178,2009,2017
tarnok,freddy,676206,tarnf001,tarnofr01,23324,2022,2025
burgos,juan,686228,burgj002,burgoju01,-1,2025,2025
brooks,aaron,605156,brooa001,brookaa01,12272,2014,2024
hughes,brandon,676714,hughb002,hughebr01,23460,2022,2024
watson,tony,453265,watst001,watsoto01,3132,2011,2021
thatcher,joe,491159,thatj001,thatcjo01,4620,2007,2015
patrick,chad,694477,patrc001,patrich01,-1,2025,2025
warren,art,605521,warra002,warrear01,18251,2019,2022
burns,chase,695505,burnc003,burnsch01,-1,2025,2025
hochevar,luke,460024,hochl001,hochelu01,6943,2007,2016
ondrusek,logan,446185,ondrl001,ondrulo01,3677,2010,2016
eveland,dana,445968,eveld001,evelada01,5508,2005,2016
snider,collin,676092,snidc001,snideco01,23307,2022,2025
tate,dillon,622253,tated001,tatedi01,17796,2019,2025
rhame,jacob,642008,rhamj001,rhameja01,15267,2017,2019
de jesús,ángel,669804,dejea001,dejesan01,22323,2022,2022
gonzález,miguel,456068,gonzm003,gonzami03,7024,2012,2018
bell,chad,518445,bellc003,bellch02,10297,2017,2018
romero,fernando,622864,romef001,romerfe01,15885,2018,2019
tapia,domingo,593619,tapid001,tapiado01,12178,2020,2023
axford,john,446099,axfoj001,axforjo01,9059,2009,2021
ruf,darin,573131,ruf-d001,rufda01,9929,2012,2023
adams,austin,542866,adama001,adamsau01,7411,2014,2019
arias,luarbert,678215,arial001,ariaslu01,-1,2025,2025
peavy,jake,408241,peavj001,peavyja01,1051,2002,2016
rock,joe,697812,rockj002,rockjo01,-1,2025,2025
miller,andrew,453192,milla002,millean01,6785,2006,2021
mejía,jenrry,516769,mejij001,mejiaje01,8476,2010,2015
harrison,matt,457448,harrm001,harrima01,5551,2008,2015
booser,cam,592155,boosc001,booseca01,-1,2024,2025
torres,alex,456776,torra002,torreal01,7038,2011,2015
flexen,chris,623167,flexc001,flexech01,13896,2017,2025
sterner,justin,686993,sterj001,sternju01,-1,2024,2025
wilk,adam,573244,wilka001,wilkad01,8421,2011,2017
haren,dan,429717,hared001,harenda01,1757,2003,2015
latos,mat,502009,latom001,latosma01,3815,2009,2017
kazmir,scott,431148,kazms001,kazmisc01,4897,2004,2021
burns,andy,542992,burna003,burnsan01,12779,2016,2021
fulmer,carson,608334,fulmc001,fulmeca01,18311,2016,2025
selman,sam,572125,selms001,selmasa01,13397,2019,2022
salazar,eduardo,674285,salae001,salazed01,23135,2023,2025
holderman,colin,670059,holdc001,holdeco01,22361,2022,2025
manaea,sean,640455,manas001,manaese01,15873,2016,2025
little,brendon,663893,littb002,littlbr02,21574,2022,2025
contreras,carlos,542266,contc001,contrca01,10386,2014,2015
cordier,erik,449170,corde001,cordier01,4086,2014,2015
clemens,kody,665019,clemk001,clemeko01,20572,2022,2025
ford,mike,645801,fordm002,fordmi01,15585,2019,2024
mejía,francisco,642336,mejif001,mejiafr01,16403,2017,2023
therrien,jesen,592279,therj001,dygesje01,15853,2017,2017
hursh,jason,592422,hursj004,hurshja01,14914,2016,2017
devenski,chris,606965,devec001,devench02,12763,2016,2025
mcgee,jake,459429,mcgej001,mcgeeja01,7550,2010,2022
reyes,josé,408314,reyej001,reyesjo01,1736,2003,2018
sanders,cam,676742,sandc002,sandeca01,-1,2025,2025
copeland,scott,571577,copes001,copelsc01,10706,2015,2018
mcallister,zach,502083,mcalz001,mcallza01,2895,2011,2023
rodriguez,carlos,692230,rodrc003,rodrica02,-1,2024,2025
ynoa,huascar,660623,ynoah001,ynoahu01,20468,2019,2022
morejón,adrián,670970,morea001,morejad01,20039,2019,2025
snyder,nicklaus,676766,snydn001,snydeni01,23493,2021,2022
rienzo,andré,516589,riena001,rienzan01,3507,2013,2015
leasure,jordan,673929,leasj001,leasujo01,29950,2024,2025
koch,matt,571863,kochm001,kochma01,13420,2016,2024
mears,nick,683232,mearn001,mearsni01,25376,2020,2025
neverauskas,dovydas,596720,neved001,neverdo01,11604,2017,2020
allen,logan,663531,allel002,allenlo01,18555,2019,2024
povich,cade,700249,povic001,povicca01,-1,2024,2025
morris,a. j.,571963,morra002,morriaj01,9919,2016,2016
sisk,evan,681895,siske001,siskev01,-1,2025,2025
moore,tyler,489138,moort002,moorety01,7244,2012,2017
ortiz,luis,682847,ortil003,ortizlu03,27646,2022,2025
flaherty,jack,656427,flahj002,flaheja01,17479,2017,2025
lara,andry,691251,laraa001,laraan01,-1,2025,2025
robertson,david,502085,robed002,roberda08,8241,2008,2025
brosseau,mike,670712,brosm001,brossmi01,19683,2019,2023
loáisiga,jonathan,642528,loaij001,loaisjo01,19753,2018,2025
davis,noah,663562,davin001,davisno01,25862,2022,2025
burnett,a. j.,150359,burna001,burnea.01,512,1999,2015
lynn,lance,458681,lynnl001,lynnla01,2520,2011,2024
martín,rafael,514669,martr005,martira04,10258,2015,2016
hartwig,grant,701643,hartg002,hartwgr01,29946,2023,2024
blubaugh,aj,805123,bluba001,blubaaj01,-1,2025,2025
berti,jon,542932,bertj001,bertijo01,12037,2018,2025
schultz,bo,544759,schub001,schulbo02,5028,2014,2016
karcher,ricky,676689,karcr001,karchri01,23449,2023,2023
young,alex,622065,youna002,youngal01,18333,2019,2024
hurter,brant,676428,hurtb001,hurtebr01,-1,2024,2025
jenkins,chad,554432,jenkc001,jenkich01,10326,2012,2015
danner,hagen,668470,dannh001,danneha01,22116,2023,2023
burdi,zack,641420,burdz001,burdiza01,19159,2020,2023
shugart,chase,663767,shugc001,shugach01,-1,2024,2025
motte,jason,435400,mottj001,motteja01,5861,2008,2017
flaa,jay,664852,flaaj001,flaaja01,18140,2021,2021
black,ray,605143,blacr001,blackra01,14244,2018,2020
markel,parker,571917,markp001,markepa01,12106,2019,2022
sheffield,justus,656954,shefj001,sheffju01,17285,2018,2022
france,j. p.,641585,franj006,francjp01,21212,2023,2025
cervenka,hunter,543017,cervh001,cervehu01,10510,2016,2017
gage,matt,657424,gagem001,gagema01,17381,2022,2025
ferguson,tyler,621053,fergt001,ferguty01,-1,2024,2025
abbott,cory,676265,abboc001,abbotco01,20277,2021,2023
baker,scott,435044,bakes002,bakersc02,6176,2005,2015
sharp,sterling,643532,shars001,sharpst01,19671,2020,2020
hjelle,sean,663546,hjels001,hjellse01,21481,2022,2025
morales,kendrys,434778,morak001,moralke01,8610,2006,2019
anderson,justin,605121,andej005,anderju01,16201,2018,2024
kochanowicz,jack,686799,kochj001,kochaja01,-1,2024,2025
gilbreath,lucas,656458,gilbl001,gilbrlu01,21290,2021,2025
laroche,adam,425560,laroa001,larocad01,1904,2004,2015
smith,blake,544930,smitb006,smithbl01,9780,2016,2016
narveson,chris,429780,narvc001,narvech01,2141,2006,2016
odorizzi,jake,543606,odorj001,odorija01,6397,2012,2022
alldred,cam,682027,alldc001,alldrca01,25078,2022,2022
hale,david,571735,haled001,haleda02,9756,2013,2021
alcántara,raúl,593417,alcar001,alcanra01,12790,2016,2017
mcclanahan,shane,663556,mccls003,mcclash01,21483,2021,2023
jiménez,dany,666204,jimed002,jimenda01,21170,2020,2024
maeda,kenta,628317,maedk001,maedake01,18498,2016,2025
guerra,javy,457915,guerj002,guerrja01,7407,2011,2021
medlen,kris,450665,medlk001,medlekr01,9417,2009,2018
laweryson,cody,689520,lawec001,lawerco01,-1,2025,2025
duran,ezequiel,677649,durae002,duranez01,23733,2022,2025
anderson,shaun,641312,andes002,andersh01,19453,2019,2025
garrett,braxton,666129,garrb001,garrebr01,21844,2020,2024
harrison,josh,543281,harrj002,harrijo05,8202,2011,2023
fulmer,michael,605242,fulmm001,fulmemi01,13218,2016,2025
chandler,bubba,696149,chanb001,chandbu01,-1,2025,2025
dohy,kyle,675971,dohyk001,dohyky01,20334,2021,2021
stoudt,levi,686651,stoul001,stoudle01,25650,2023,2023
stammen,craig,489334,stamc001,stammcr01,7274,2009,2022
akin,keegan,669211,akink001,akinke01,19362,2020,2025
blazek,michael,518468,blazm001,blazemi01,9654,2013,2019
marksberry,matt,621408,markm001,marksma01,15089,2015,2016
frías,carlos,516910,friac001,friasca01,3547,2014,2016
gallen,zac,668678,gallz001,galleza01,19291,2019,2025
estrada,marco,462136,estrm001,estrama01,1118,2008,2019
mcgowin,kyle,641851,mcgok002,mcgowky01,15071,2018,2021
tong,jonah,804636,tongj001,tongjo01,-1,2025,2025
meyer,max,676974,meyem001,meyerma01,27474,2022,2025
zuber,tyler,676604,zubet001,zuberty01,20379,2020,2025
swarzak,anthony,461872,swara001,swarzan01,7466,2009,2021
rondón,angel,667373,ronda001,rondoan01,22036,2021,2022
rosa,adonis,650738,rosaa004,rosaad01,17942,2019,2019
ogando,alexi,468396,ogana001,ogandal01,10261,2010,2018
díaz,jairo,545064,diazj006,diazja01,12774,2014,2020
gusto,ryan,687473,gustr001,gustory01,-1,2025,2025
singer,brady,663903,singb001,singebr01,25377,2020,2025
buttrey,ty,621142,buttt001,buttrty01,14719,2018,2020
dickey,r. a.,285079,dickr001,dicker.01,1245,2001,2017
barraclough,kyle,607457,barrk002,barraky01,13713,2015,2023
dickerson,corey,572816,dickc002,dickeco01,10762,2013,2023
rodríguez,yerry,666720,rodry002,rodriye01,21955,2022,2024
hader,josh,623352,hadej001,haderjo01,14212,2017,2025
arrighetti,spencer,681293,arris001,arrigsp01,-1,2024,2025
suero,wander,593833,suerw002,suerowa01,15855,2018,2025
clase,emmanuel,661403,clase001,claseem01,21032,2019,2025
kelly,merrill,518876,kellm002,kellyme01,11156,2019,2025
bigge,hunter,685801,biggh001,biggehu01,-1,2024,2025
griffin,a. j.,456167,grifa002,griffaj01,11132,2012,2017
burke,sean,680732,burks001,burkese01,-1,2024,2025
tonkin,michael,543859,tonkm001,tonkimi01,10315,2013,2025
clay,sam,621348,clays001,claysa01,16279,2021,2022
mitchell,bryan,571951,mitcb001,mitchbr01,11479,2014,2021
jones,jared,683003,jonej008,jonesja09,27863,2024,2024
bailey,andrew,457732,baila001,bailean01,1368,2009,2017
rodríguez,dereck,605446,rodrd001,rodride01,14509,2018,2023
kratz,erik,456124,krate001,kratzer01,4403,2010,2020
lazar,max,676661,lazam001,lazarma01,-1,2024,2025
trevino,jose,624431,trevj001,trevijo01,16725,2018,2025
soto,gregory,642397,sotog003,sotogr01,19677,2019,2025
keller,mitch,656605,kellm003,kellemi03,17594,2019,2025
volstad,chris,458690,volsc001,volstch01,9901,2008,2018
newman,kevin,621028,newmk001,newmake01,17696,2018,2025
palmquist,carson,687223,palmc001,palmqca01,-1,2025,2025
hager,jake,606993,hagej001,hagerja01,12198,2021,2022
melancon,mark,453343,melam001,melanma01,4264,2009,2022
gómez,carlos,460576,gomec002,gomezca01,4881,2007,2019
rogers,esmil,469134,rogee002,rogeres01,6317,2009,2015
ryu,hyun jin,547943,ryu-h001,ryuhy01,14444,2013,2023
henderson,logan,701656,hendl002,hendelo01,-1,2025,2025
yacabonis,jimmy,642231,yacaj001,yacabji01,15157,2017,2023
wang,wei-chung,623913,wangw001,wangwe01,14382,2014,2019
straily,dan,573185,strad003,straida01,9460,2012,2019
jax,griffin,643377,jax-g001,jaxgr01,20253,2021,2025
choate,randy,329092,choar001,choatra01,813,2000,2015
mclean,nolan,690997,mclen001,mcleano01,-1,2025,2025
kopech,michael,656629,kopem001,kopecmi01,17282,2018,2025
horn,bailey,690544,hornb002,hornba01,-1,2024,2025
furbush,charlie,518703,furbc001,furbuch01,1370,2011,2015
marte,yunior,628708,marty001,marteyu01,14416,2022,2024
widener,taylor,642203,widet001,widenta01,19266,2020,2022
vólquez,edinson,450172,volqe001,volqued01,3990,2005,2020
ivey,tyler,663959,iveyt001,iveyty01,20237,2021,2021
diplán,marcos,650959,diplm001,diplama01,17583,2021,2022
eaton,adam,594809,eatoa002,eatonad02,11205,2012,2021
turley,nik,543867,turln001,turleni01,5530,2017,2020
eisert,brandon,685126,eiseb001,eiserbr01,-1,2024,2025
díaz,alexis,664747,diaza004,diazal03,21132,2022,2025
richard,clayton,453385,richc002,richacl01,3551,2008,2019
gillispie,connor,687362,gillc003,gillico01,-1,2024,2025
hawkins,latroy,115629,hawkl001,hawkila01,729,1995,2015
pintaro,jonathan,702752,pintj002,pintajo01,-1,2025,2025
ranaudo,anthony,519168,ranaa001,ranauan01,11424,2014,2016
wingenter,trey,622259,wingt001,wingetr01,17793,2018,2024
