name_last,name_first,key_mlbam,key_retro,key_bbref,key_fangraphs,mlb_played_first,mlb_played_last
miller,owen,680911,millo002,milleow01,24655,2021,2025
edman,tommy,669242,edmat001,edmanto01,19470,2019,2025
castillo,diego,660636,castd004,castidi02,19906,2022,2024
zastryzny,rob,642239,zastr001,zastrro01,15094,2016,2025
schneider,davis,676914,schnd001,schneda03,23565,2023,2025
ramírez,hanley,434670,ramih003,ramirha01,8001,2005,2019
smith,tyler,642094,smitt002,smithty01,12490,2017,2017
sipp,tony,448609,sippt001,sippto01,8280,2009,2019
vogelsong,ryan,285064,voger001,vogelry01,1011,2000,2016
durbin,caleb,702332,durbc002,durbica01,-1,2025,2025
lopez,nicky,670032,lopen001,lopezni01,19339,2019,2025
mejia,alex,622270,mejia002,mejiaal01,13877,2017,2017
lowe,brandon,664040,loweb001,lowebr01,18882,2018,2025
ramos,wilson,467092,ramow001,ramoswi01,1433,2010,2021
pacheco,jordan,457574,pachj001,pachejo01,2677,2011,2016
miller,justin,502522,millj006,milleju02,8580,2014,2021
chavez,jesse,445926,chavj001,chaveje01,5448,2008,2025
hayes,brett,451109,hayeb001,hayesbr01,4293,2009,2015
goodman,hunter,696100,goodh001,goodmhu01,29715,2023,2025
giolito,lucas,608337,gioll001,giolilu01,15474,2016,2025
olivares,edward,658668,olive001,olivaed02,19698,2020,2024
freeman,cody,683227,freec003,freemco01,-1,2025,2025
locastro,tim,641796,locat001,locasti01,15124,2017,2023
zimmermann,jordan,519455,zimmj003,zimmejo02,4505,2009,2021
ford,harry,695670,fordh001,fordha01,-1,2025,2025
plawecki,kevin,608700,plawk001,plaweke01,13807,2015,2022
chourio,jackson,694192,chouj001,chourja01,28806,2024,2025
campero,gustavo,672569,campg001,campegu01,-1,2024,2025
ynoa,rafael,501255,ynoar001,ynoara01,2832,2014,2016
nava,daniel,537953,navad002,navada01,5450,2010,2017
hassan,alex,572910,hassa002,hassaal01,9959,2014,2014
cabrera,oswaldo,665828,cabro002,cabreos01,21707,2022,2025
cowgill,collin,518577,cowgc001,cowgico01,7250,2011,2016
tsutsugo,yoshi,660294,tsuty001,tsutsyo01,27459,2020,2022
barnes,brandon,488681,barnb002,barnebr02,629,2012,2018
witt,bobby,677951,wittb002,wittbo02,25764,2022,2025
lowrie,jed,476704,lowrj001,lowrije01,4418,2008,2022
bote,david,623520,boted002,boteda01,14593,2018,2024
rodriguez,josé,679563,rodrj008,rodrijo09,24388,2023,2023
turnbull,spencer,605513,turns003,turnbsp01,16207,2018,2025
danks,jordan,458668,dankj002,danksjo02,9187,2012,2015
winker,jesse,608385,winkj002,winkeje01,13590,2017,2025
adams,matt,571431,adamm002,adamsma01,9393,2012,2021
price,david,456034,pricd001,priceda01,3184,2008,2022
wisdom,patrick,621550,wisdp001,wisdopa01,13602,2018,2024
green,grant,502205,greeg002,greengr01,10053,2013,2017
kreidler,ryan,668952,kreir001,kreidry01,25867,2022,2025
taylor,beau,607333,taylb003,taylobe11,12384,2018,2020
davidson,matt,571602,davim005,davidma02,7226,2013,2022
peguero,carlos,451713,peguc001,pegueca01,8760,2011,2015
davis,khris,501981,davik003,daviskh01,9112,2013,2021
cole,a. j.,595918,colea002,coleaj01,11467,2015,2021
marrero,deven,571918,marrd001,marrede01,13325,2015,2022
garcia,greg,594824,garcg002,garcigr01,10951,2014,2020
campbell,kristian,692225,campk002,campbkr01,-1,2025,2025
rodríguez,eduardo,593958,rodre004,rodried05,13164,2015,2025
gray,jon,592351,grayj003,grayjo02,14916,2015,2025
lester,josh,623507,lestj002,lestejo02,17737,2022,2023
billingsley,chad,451532,billc001,billich01,5842,2006,2015
rutschman,adley,668939,rutsa001,rutscad01,26288,2022,2025
mesoraco,devin,519023,mesod001,mesorde01,5666,2011,2018
thompson,trayce,572204,thomt002,thomptr01,9952,2015,2023
muno,daniel,594940,munod001,munoda01,12214,2015,2015
holmes,clay,605280,holmc001,holmecl01,13649,2018,2025
puello,césar,527049,puelc001,puellce01,7216,2017,2020
manzardo,kyle,700932,manzk001,manzaky01,-1,2024,2025
judge,aaron,592450,judga001,judgeaa01,15640,2016,2025
cueto,johnny,456501,cuetj001,cuetojo01,6893,2008,2024
crisp,coco,424825,crisc001,crispco01,1572,2002,2016
stallings,jacob,607732,stalj001,stallja01,13723,2016,2025
burdick,peyton,680814,burdp001,burdipe01,25459,2022,2023
ross,tyson,475115,rosst001,rossty01,7872,2010,2019
nootbaar,lars,663457,nootl001,nootbla01,21454,2021,2025
lemahieu,dj,518934,lemad001,lemahdj01,9874,2011,2025
reyes,víctor,622682,reyev001,reyesvi01,15487,2018,2022
morrison,logan,489149,morrl001,morrilo01,9205,2010,2020
dunand,joe,656388,dunaj001,dunanjo01,19727,2022,2022
tábata,josé,467798,tabaj002,tabatjo01,2411,2010,2015
jackson,alex,656577,jacka002,jacksal02,17276,2019,2025
duensing,brian,488846,duenb001,duensbr01,4064,2009,2018
longoria,evan,446334,longe001,longoev01,9368,2008,2023
valera,george,671655,valeg001,valerge01,-1,2025,2025
langford,wyatt,694671,langw001,langfwy01,33333,2024,2025
polanco,jorge,593871,polaj001,polanjo01,13152,2014,2025
lucroy,jonathan,518960,lucrj001,lucrojo01,7870,2010,2021
mengden,daniel,596043,mengd001,mengdda01,16980,2016,2022
kelley,shawn,518875,kells001,kellesh01,7773,2009,2019
kirk,alejandro,672386,kirka001,kirkal01,22581,2020,2025
refsnyder,rob,608701,refsr001,refsnro01,13770,2015,2025
dezenzo,zach,701305,dezez001,dezenza01,-1,2024,2025
owings,chris,572008,owinc001,owingch01,10030,2013,2023
murphy,j. r.,571974,murpj001,murphjr01,10346,2013,2020
misner,kameron,670224,misnk001,misneka01,-1,2024,2025
fairchild,stuart,656413,fairs001,faircst01,20321,2021,2025
gomes,yan,543228,gomey001,gomesya01,9627,2012,2024
bashlor,tyler,641341,basht001,bashlty01,15203,2018,2020
westburg,jordan,676059,westj002,westbjo01,27815,2023,2025
gomber,austin,596295,gomba001,gombeau01,16561,2018,2025
sullivan,brett,664954,sullb001,sullibr01,18217,2023,2025
motter,taylor,600301,mottt001,motteta01,12399,2016,2023
thaiss,matt,642136,thaim001,thaisma01,19318,2019,2025
de jesús,iván,474443,dejei002,dejesiv02,9886,2011,2016
blanton,joe,430599,blanj001,blantjo01,4849,2004,2017
laureano,ramón,657656,laurr001,laurera01,17128,2018,2025
peña,francisco,506747,penaf001,penafr01,8298,2014,2018
peterson,jace,607054,petej002,peterja01,12325,2014,2024
woodford,jake,663765,woodj003,woodfja01,18674,2020,2025
aguilar,jesús,542583,aguij001,aguilje01,11342,2014,2023
yang,eric,687066,yange001,yanger01,-1,2024,2024
calhoun,willie,641432,calhw001,calhowi01,17838,2017,2024
contreras,mark,676628,contm001,contrma01,20122,2022,2022
blair,carson,542942,blaic001,blairca01,5429,2015,2015
marté,luis,606336,martl005,martelu02,14515,2021,2021
kemp,otto,805249,kempo001,kempot01,-1,2025,2025
kershaw,clayton,477132,kersc001,kershcl01,2036,2008,2025
wilson,josh,425543,wilsj003,wilsojo03,2102,2005,2015
steer,spencer,668715,stees001,steersp01,26323,2022,2025
renda,tony,573113,rendt001,rendato01,13443,2016,2018
tilson,charlie,605508,tilsc001,tilsoch01,12983,2016,2019
turner,jacob,545363,turnj002,turneja01,10185,2011,2018
rondón,héctor,444468,rondh001,rondohe01,2391,2013,2020
lester,jon,452657,lestj001,lestejo01,4930,2006,2021
taylor,chris,621035,taylc001,tayloch03,13757,2014,2025
mayberry,john,460055,maybj001,maybejo02,3390,2009,2015
pérez,hernán,541650,pereh001,perezhe01,5751,2012,2021
rodríguez,sean,446481,rodrs002,rodrise01,6589,2008,2020
washington,david,572241,washd001,washida01,12110,2017,2017
mejia,erick,625510,mejie001,mejiaer01,15817,2019,2020
boyd,matt,571510,boydm001,boydma01,15440,2015,2025
lile,daylen,695734,liled001,lileda01,-1,2025,2025
de la cruz,joel,503444,delaj003,delacjo01,12825,2016,2016
de la rosa,rubby,523989,delar003,delarru01,3862,2011,2017
kramer,kevin,596012,kramk001,krameke01,17689,2018,2019
gorski,matt,685301,gorsm001,gorskma01,-1,2025,2025
swisher,nick,430897,swisn001,swishni01,4599,2004,2015
ravelo,rangel,592660,raver001,ravelra01,10839,2019,2020
upton,justin,457708,uptoj001,uptonju01,5222,2007,2022
milone,tommy,543548,milot001,milonto01,7608,2011,2023
lópez,reynaldo,625643,loper003,lopezre01,16400,2016,2025
lee,korey,686676,lee-k002,leeko01,25543,2022,2025
hernandez,heriberto,681715,hernh001,hernahe01,-1,2025,2025
hentges,sam,656529,hents001,hentgsa01,18548,2021,2024
chatwood,tyler,543022,chatt001,chatwty01,4338,2011,2021
kieboom,carter,666198,kiebc001,kieboca01,19958,2019,2025
young,cole,702284,younc005,youngco01,-1,2025,2025
wall,forrest,657088,wallf001,wallfo01,16496,2023,2024
worth,danny,519445,wortd001,worthda01,198,2010,2016
herrera,iván,671056,herri001,herreiv01,20599,2022,2025
sandoval,pablo,467055,sandp001,sandopa01,5409,2008,2021
ornelas,jonathan,680716,ornej001,orneljo01,24597,2023,2025
machín,vimael,605353,machv001,machivi01,17684,2020,2025
thomas,dillon,605504,thomd004,thomadi01,12719,2021,2022
garcía,willy,591994,garcw001,garciwi01,12956,2017,2017
blash,jabari,518466,blasj001,blashja01,11247,2016,2018
rizzo,anthony,519203,rizza001,rizzoan01,3473,2011,2024
buchholz,clay,453329,buchc001,buchhcl01,3543,2007,2019
roberts,ryan,440251,rober002,roberry01,5653,2006,2014
arroyo,christian,624414,arroc001,arroych01,16434,2017,2023
rosales,adam,489267,rosaa001,rosalad01,9682,2008,2018
crim,blaine,688760,crimb001,crimbl01,-1,2025,2025
campbell,paul,669294,campp001,campbpa02,22248,2021,2021
walsh,jared,665120,walsj001,walshja01,18607,2019,2024
jones,garrett,434540,joneg002,jonesga02,2714,2007,2015
naylor,bo,666310,naylb001,naylobo01,21865,2022,2025
morrow,brandon,453344,morrb001,morrobr01,9346,2007,2018
blackmon,charlie,453568,blacc001,blackch02,7859,2011,2024
massey,michael,686681,massm001,massemi02,27684,2022,2025
díaz,aledmys,649557,diaza003,diazal02,15937,2016,2024
wagaman,eric,676572,wagae001,wagamer01,-1,2024,2025
fuentes,joshua,658069,fuenj001,fuentjo01,16885,2019,2021
haniger,mitch,571745,hanim001,hanigmi01,14274,2016,2024
carlson,dylan,666185,carld002,carlsdy01,20126,2020,2025
holliday,jackson,702616,hollj003,hollija01,-1,2024,2025
rosario,eguy,666703,rosae002,rosareg01,19964,2022,2024
jungmann,taylor,543380,jungt001,jungmta01,13119,2015,2017
lipcius,andre,686531,lipca001,lipcian01,25822,2023,2023
garcía,adolis,666969,garca005,garciad02,19287,2018,2025
cruz,oneil,665833,cruzo001,cruzon01,21711,2021,2025
vavra,terrin,679631,vavrt001,vavrate01,24400,2022,2025
nova,iván,467100,novai001,novaiv01,1994,2010,2020
parker,jarrett,592620,parkj002,parkeja03,11624,2015,2019
hand,brad,543272,handb001,handbr01,9111,2011,2023
nicasio,juan,504379,nicaj001,nicasju01,7731,2011,2020
strasburg,stephen,544931,stras001,strasst01,10131,2010,2022
castillo,erick,602080,caste001,castier01,12990,2021,2021
arráez,luis,650333,arral001,arraelu01,18568,2019,2025
bolsinger,mike,502211,bolsm001,bolsimi01,11137,2014,2017
marte,starling,516782,marts002,martest01,9241,2012,2025
austin,tyler,592122,austt001,austity01,11850,2016,2019
fowler,dexter,451594,fowld001,fowlede01,4062,2008,2021
beltré,adrian,134181,belta001,beltrad01,639,1998,2018
stewart,christin,621514,stewc002,stewach02,17714,2018,2020
thompson,zach,605507,thomz001,thompza01,16094,2021,2025
martínez,josé,500874,martj008,martijo08,7996,2016,2020
weaver,jered,450308,weavj003,weaveje02,4235,2006,2017
hoerner,nico,663538,hoern001,hoernni01,21479,2019,2025
clark,matt,518558,clarm003,clarkma02,8793,2014,2014
schimpf,ryan,572114,schir001,schimry01,9953,2016,2018
lee,jung hoo,808982,lee-j001,leeju01,33824,2024,2025
capuano,chris,425626,capuc001,capuach01,1701,2003,2016
lowe,nathaniel,663993,lowen001,lowena01,19566,2019,2025
travis,devon,581527,travd001,travide01,13862,2015,2018
torrens,luis,620443,torrl001,torrelu01,15905,2017,2025
colón,bartolo,112526,colob001,colonba01,375,1997,2018
gutiérrez,vladimir,661269,gutiv001,gutievl01,19278,2021,2024
loperfido,joey,694388,lopej008,loperjo01,-1,2024,2025
quinn,roman,596451,quinr003,quinnro01,13546,2016,2022
soler,jorge,624585,solej001,solerjo01,14221,2014,2025
murphy,daniel,502517,murpd006,murphda08,4316,2008,2020
houser,adrian,605288,housa001,housead01,12718,2015,2025
ortiz,joey,687401,ortij005,ortizjo06,25493,2023,2025
helman,michael,680737,helmm001,helmami01,-1,2024,2025
dixon,brandon,641525,dixob001,dixonbr01,15214,2018,2023
ozuna,marcell,542303,ozunm001,ozunama01,10324,2013,2025
noel,rico,592596,noelr001,noelri02,10585,2015,2015
marrero,chris,502029,marrc001,marrech01,2852,2011,2017
vientos,mark,668901,vienm001,vientma01,22184,2022,2025
jansen,danny,643376,jansd001,janseda01,16535,2018,2025
black,tyler,672012,blact003,blackty01,-1,2024,2025
holaday,bryan,592407,holab001,holadbr01,11287,2012,2021
machado,dixon,553988,machd001,machadi01,11472,2015,2022
solano,jhonatan,500207,solaj002,solanjh01,7515,2012,2015
viloria,meibrys,650619,vilom001,vilorme01,17109,2018,2023
guzmán,ronald,608597,guzmr001,guzmaro01,14388,2018,2022
saunders,michael,459431,saunm001,saundmi01,9981,2009,2017
andújar,miguel,609280,andum001,andujmi01,15878,2017,2025
ellsbury,jacoby,453056,ellsj001,ellsbja01,4727,2007,2017
anthony,roman,701350,anthr001,anthoro01,-1,2025,2025
shenton,austin,668853,shena001,shentau01,25425,2024,2024
lugo,seth,607625,lugos001,lugose01,12447,2016,2025
ogasawara,shinnosuke,829272,ogass001,ogasash01,-1,2025,2025
maxwell,bruce,622194,maxwb001,maxwebr01,13866,2016,2018
roller,chris,676896,rollc001,rollech01,-1,2024,2024
lawlar,jordan,691783,lawlj001,lawlajo01,29976,2023,2025
meneses,joey,608841,menej001,menesjo01,14366,2022,2024
ureña,richard,620446,urenr001,urenari01,16411,2017,2019
arteaga,humberto,600858,arteh001,arteahu01,13595,2019,2021
caratini,víctor,605170,carav001,caratvi01,14968,2017,2025
pridie,jason,445095,pridj001,pridija01,4611,2008,2015
ishikawa,travis,448170,ishit001,ishiktr01,4793,2006,2015
canzone,dominic,686527,canzd001,canzodo01,26438,2023,2025
graterol,juan,492802,gratj001,grateju01,5398,2016,2019
jay,jon,445055,jay-j001,jayjo02,5227,2010,2021
fargas,johneshwy,641561,fargj001,fargajo01,16446,2021,2021
medica,tommy,523265,medit001,medicto01,11147,2013,2014
lorenzen,michael,547179,lorem002,lorenmi01,14843,2015,2025
lukes,nathan,664770,luken001,lukesna01,18123,2023,2025
díaz,yusniel,666783,diazy003,diazyu01,18905,2022,2022
contreras,willson,575929,contw001,contrwi01,11609,2016,2025
carrasco,carlos,471911,carrc003,carraca01,6632,2009,2025
johnson,elliot,471107,johne002,johnsel02,4751,2008,2014
amarista,alexi,506560,amara001,amarial01,9063,2011,2017
hopkins,tj,686759,hopkt001,hopkitj01,25482,2023,2023
prieto,césar,693409,priec002,prietce01,-1,2025,2025
ramos,edubray,591693,ramoe002,ramosed02,16086,2016,2019
peterson,shane,451089,petes002,petersh01,7423,2013,2017
madris,bligh,676632,madrb002,madribl01,20054,2022,2024
alexander,blaze,677942,alexb001,alexabl01,23789,2024,2025
miller,brad,543543,millb002,millebr02,12775,2013,2023
vincent,nick,543883,vincn001,vinceni01,7555,2012,2021
devers,josé,672701,devej001,deverjo01,20540,2021,2024
gosewisch,tuffy,488912,goset001,gosewtu01,5277,2013,2017
diaz,jonathan,502409,diazj004,diazjo02,4142,2013,2015
lópez,pablo,641154,lopep002,lopezpa01,17085,2018,2025
bryant,kris,592178,bryak001,bryankr01,15429,2015,2025
castro,rodolfo,666801,castr006,castrro01,21987,2021,2023
ramírez,aramis,133380,ramia001,ramirar01,1002,1998,2015
clarke,denzel,672016,clard004,clarkde02,-1,2025,2025
higashioka,kyle,543309,higak001,higasky01,5517,2017,2025
kirilloff,alex,666135,kiria001,kirilal01,20325,2021,2024
vargas,kennys,573627,vargk001,vargake01,12101,2014,2017
richards,trevor,670950,richt001,richatr01,19309,2018,2025
freitas,david,571679,freid001,freitda01,10619,2017,2019
anderson,brian,605119,andeb006,anderbr06,18289,2017,2024
mckay,brendan,656713,mckab001,mckaybr01,20186,2019,2019
desclafani,anthony,543101,desca001,desclan01,13050,2014,2025
frelick,sal,686217,frels001,frelisa01,29622,2023,2025
barger,addison,680718,barga001,bargead01,-1,2024,2025
stassi,brock,595426,stasb001,stassbr01,12244,2017,2017
fields,josh,451661,fielj002,fieldjo03,5070,2013,2018
arencibia,j. p.,450317,arenj001,arencjp01,697,2010,2015
delay,jason,641511,delaj004,delayja01,19806,2022,2024
álvarez,pedro,476883,alvap001,alvarpe01,2495,2010,2018
palacios,richie,680700,palar002,palacri01,24589,2022,2025
hernández,gorkys,491676,herng001,hernago01,4146,2012,2019
o'brien,peter,598284,obrip002,obriepe01,13288,2015,2019
veen,zac,691728,veenz001,veenza01,-1,2025,2025
yorke,nick,694377,yorkn001,yorkeni01,-1,2024,2025
wisler,matt,605538,wislm001,wislema01,12804,2015,2022
faria,jake,607188,farij001,fariaja01,13699,2017,2023
moniak,mickey,666160,monim001,moniami01,19956,2020,2025
duffy,matt,592274,duffm003,duffyma02,12181,2015,2016
dejesus,david,430203,dejed001,dejesda01,1825,2003,2015
lalli,blake,503351,lallb001,lallibl01,9246,2012,2016
lee,dae-ho,493193,lee-d004,leeda02,18722,2016,2016
albies,ozzie,645277,albio001,albieoz01,16556,2017,2025
jiménez,a. j.,543362,jimea001,jimenaj01,7077,2017,2017
moncrief,carlos,519037,moncc001,moncrca01,7511,2017,2017
hamilton,david,666152,hamid002,hamilda03,27531,2023,2025
velazquez,andrew,623205,velaa001,velazan01,14196,2018,2023
soto,livan,670869,sotol001,sotoli01,22471,2022,2024
craig,will,643269,craiw001,craigwi01,19267,2020,2021
soderstrom,tyler,691016,sodet001,soderty01,27467,2023,2025
cronenworth,jake,630105,cronj001,croneja01,18036,2020,2025
caminero,arquimedes,491708,camia001,caminar01,8992,2013,2016
teagarden,taylor,460003,teagt001,teagata01,5199,2008,2015
cosart,jarred,543054,cosaj001,cosarja01,10304,2013,2017
guyer,brandon,446386,guyeb001,guyerbr01,2636,2011,2018
iribarren,hernán,454975,iribh001,iribahe01,4177,2008,2016
keuchel,dallas,572971,keucd001,keuchda01,9434,2012,2024
soto,geovany,434567,sotog001,sotoge01,3707,2005,2017
thompson,keegan,624522,thomk002,thompke02,19795,2021,2024
farrell,luke,608652,farrl001,farrelu01,15101,2017,2022
beresford,james,503437,berej003,beresja01,4626,2016,2016
verlander,justin,434378,verlj001,verlaju01,8700,2005,2025
simmons,andrelton,592743,simma001,simmoan01,10847,2012,2022
ciriaco,pedro,465674,cirip001,ciriape01,5278,2010,2015
goodwin,brian,571718,goodb001,goodwbr01,12858,2016,2021
hamels,cole,430935,hamec001,hamelco01,4972,2006,2020
gonzales,nick,693304,gonzn001,gonzani01,27490,2023,2025
williams,jerome,425532,willj003,willije01,1137,2003,2016
phillips,evan,623465,phile001,phillev01,17734,2018,2025
chisenhall,lonnie,502082,chisl001,chiselo01,7571,2011,2018
sucre,jesús,491696,sucrj001,sucreje01,5942,2013,2019
santander,anthony,623993,santa003,santaan02,14551,2017,2025
williams,justin,642211,willj006,williju02,15490,2018,2021
hatcher,chris,501822,hatcc002,hatchch02,3299,2010,2018
godoy,josé,608422,godoj001,godoyjo01,15808,2021,2022
phillips,brandon,408252,philb001,phillbr01,791,2002,2018
ross,cody,425496,rossc001,rossco01,1760,2003,2015
seagle,chandler,676882,seagc002,seaglch01,23552,2023,2023
deloach,zach,676113,deloz001,deloaza01,-1,2024,2024
young,eric,458913,youne003,younger03,7158,2009,2018
mauricio,ronny,677595,maurr002,mauriro01,23698,2023,2025
liriano,rymer,542642,lirir001,liriary01,4779,2014,2017
siri,josé,642350,sirij001,sirijo01,17452,2021,2025
conley,adam,543045,conla001,conlead01,14457,2015,2021
demeritte,travis,641513,demet001,demertr01,15958,2019,2022
walls,taylor,670764,wallt003,wallsta01,22458,2021,2025
gittens,chris,656467,gittc001,gittech01,18482,2021,2021
thomas,cody,642137,thomc003,thomaco01,19828,2022,2023
peters,tristan,671976,petet002,petertr01,-1,2025,2025
arias,joaquín,435078,ariaj001,ariasjo01,3817,2006,2015
ciuffo,nick,624419,ciufn001,ciuffni01,16291,2018,2021
mullins,cedric,656775,mullc002,mullice01,17929,2018,2025
oswalt,corey,621261,oswac001,oswalco01,13677,2018,2021
keith,colt,690993,keitc001,keithco01,27899,2024,2025
happ,j. a.,457918,happj001,happja01,7410,2007,2021
herrera,elián,467070,herre001,herreel01,5432,2012,2015
rushing,dalton,687221,rushd001,rushida01,-1,2025,2025
terry,curtis,663799,terrc001,terrycu01,18881,2021,2021
porcello,rick,519144,porcr001,porceri01,2717,2009,2020
mccann,brian,435263,mccab002,mccanbr01,4810,2005,2019
mcgough,scott,543518,mcgos001,mcgousc01,12056,2015,2025
whitcomb,shay,694376,whits003,whitcsh01,-1,2024,2025
mazara,nomar,608577,mazan001,mazarno01,14553,2016,2022
moore,matt,519043,moorm003,moorema02,1890,2011,2024
pillar,kevin,607680,pillk001,pillake01,12434,2013,2025
harrison,monte,656509,harrm003,harrimo01,17216,2020,2022
ohtani,shohei,660271,ohtas001,ohtansh01,19755,2018,2025
aguilar,ryan,666922,aguir002,aguilry01,19967,2022,2022
robinson,clint,519208,robic001,robincl01,6908,2012,2016
langeliers,shea,669127,langs001,langesh01,25816,2022,2025
gennett,scooter,571697,genns001,gennesc01,10339,2013,2019
wilson,jacob,607111,wilsj005,wilsoja04,13254,2021,2021
de león,josé,592254,delej003,deleojo03,15463,2016,2025
miley,wade,489119,milew001,mileywa01,8779,2011,2025
colón,christian,518568,coloc002,colonch01,11145,2014,2020
franklin,nick,545338,frann001,frankni01,10166,2013,2018
siani,michael,672279,sianm001,sianimi01,22557,2022,2025
sánchez,yolmer,570560,sancc001,sanchca01,11602,2014,2022
pierzynski,a. j.,150229,piera001,pierza.01,746,1998,2016
revere,ben,519184,reveb001,reverbe01,4712,2010,2017
kim,hyeseong,808975,kim-h003,kimhy02,-1,2025,2025
fowler,dustin,641583,fowld002,fowledu01,17098,2017,2021
arcia,orlando,606115,arcio002,arciaor01,13185,2016,2025
johnson,kelly,430637,johnk003,johnske05,2234,2005,2016
ramos,henry,592656,ramoh001,ramoshe01,11481,2021,2023
mercedes,yermín,606213,mercy001,merceye01,17423,2020,2022
henderson,gunnar,683002,hendg002,hendegu01,26289,2022,2025
escarra,j. c.,641555,escaj001,escarjc01,-1,2025,2025
sheets,gavin,657757,sheeg001,sheetga01,19901,2021,2025
aumont,phillippe,518418,aumop001,aumonph01,5362,2012,2015
lamb,jake,571875,lambj001,lambja01,13329,2014,2023
paulsen,ben,572019,paulb001,paulsbe01,9741,2014,2016
foscue,justin,679822,foscj001,foscuju01,-1,2024,2025
lauer,eric,641778,lauee001,lauerer01,19316,2018,2025
d'arnaud,travis,518595,darnt001,darnatr01,7739,2013,2025
kelly,don,430603,kelld001,kellydo01,2216,2007,2016
schwarber,kyle,656941,schwk001,schwaky01,16478,2015,2025
pagán,emilio,641941,pagae001,paganem01,14771,2017,2025
cabrera,everth,465784,cabre001,cabreev01,8155,2009,2015
nogowski,john,596056,nogoj001,nogowjo01,16852,2020,2021
romine,austin,519222,romia002,rominau01,5491,2011,2022
crowe,wil,640444,croww001,crowewi01,19800,2020,2023
gore,terrance,605253,goret001,gorete01,13658,2014,2022
stevenson,andrew,664057,steva001,stevean01,17932,2017,2023
toles,andrew,592808,tolea001,tolesan01,13414,2016,2018
rutledge,josh,592710,rutlj001,rutlejo01,11167,2012,2017
adams,jordyn,677941,adamj003,adamsjo03,23788,2023,2025
roden,alan,702176,rodea001,rodenal01,-1,2025,2025
anderson,chase,502624,andec001,anderch01,6895,2014,2024
bañuelos,david,675915,banud001,banueda01,-1,2024,2025
díaz,lewin,650331,diazl001,diazle01,18365,2020,2022
freeman,freddie,518692,freef001,freemfr01,5361,2010,2025
terdoslavich,joey,519345,terdj001,terdojo01,10593,2013,2015
schafer,logan,502582,schal001,schaflo01,7937,2011,2016
winn,masyn,691026,winnm001,winnma01,27479,2023,2025
pinto,rené,650907,pintr003,pintore02,19859,2022,2024
romine,andrew,461865,romia001,rominan01,1159,2010,2021
ohlman,mike,572000,ohlmm001,ohlmami01,10347,2017,2017
patterson,jordan,641958,pattj005,pattejo03,15119,2016,2016
pérez,óliver,424144,pereo002,perezol01,1514,2002,2022
nuñez,dom,624513,nuned001,nunezdo01,15055,2019,2025
amaya,miguel,665804,amaym001,amayami01,21693,2023,2025
johnston,troy,687859,johnt003,johnstr02,-1,2025,2025
benintendi,andrew,643217,benia002,beninan01,17901,2016,2025
healy,ryon,592387,healr001,healyry01,15447,2016,2020
malloy,justyn-henry,669234,mallj001,malloju02,-1,2024,2025
volpe,anthony,683011,volpa001,volpean01,27647,2023,2025
thomas,rhylan,689041,thomr008,thomarh01,-1,2025,2025
sánchez,adrián,506703,sanca007,sanchad01,11338,2017,2021
kolozsvary,mark,656627,kolom001,kolozma01,21304,2022,2023
gonsolin,tony,664062,gonst001,gonsoto01,19388,2019,2025
hernández,elieser,622694,herne002,hernael01,16933,2018,2024
rosario,wilin,501647,rosaw001,rosarwi01,8002,2011,2015
galvis,freddy,520471,galvf001,galvifr01,6609,2012,2021
plutko,adam,592644,pluta001,plutkad01,15846,2016,2021
vilade,ryan,668723,vilar001,viladry01,22165,2021,2025
solak,nick,669256,solan001,solakni01,19294,2019,2025
bradley,archie,605151,brada001,bradlar01,12918,2015,2023
lombardozzi,steve,543459,lombs002,lombast02,5422,2011,2017
quero,edgar,700337,quere001,queroed01,-1,2025,2025
hernández,óscar,591712,herno002,hernaos01,13490,2015,2020
suter,brent,608718,suteb001,suterbr01,13942,2016,2025
davis,taylor,543089,davit004,davista01,12782,2017,2021
castillo,ivan,622668,casti001,castiiv01,15971,2021,2021
gamel,ben,592325,gameb001,gamelbe01,12160,2016,2024
buchanan,jake,594772,buchj001,buchaja01,10962,2014,2017
kelly,ty,571841,kellt001,kellyty01,7740,2016,2018
stewart,brock,592779,stewb001,stewabr01,16727,2016,2025
burns,billy,542993,burnb002,burnsbi02,12701,2014,2017
sands,jerry,543742,sandj002,sandsje01,4016,2011,2016
oña,jorge,671250,ona-j001,onajo01,20040,2020,2020
marcano,tucupita,672779,marct001,marcatu01,22871,2021,2023
vanmeter,josh,642165,vanmj001,vanmejo01,15170,2019,2022
sogard,nick,686765,sogan001,sogarni01,-1,2024,2025
beckham,tim,542921,beckt001,beckhti01,7949,2013,2022
rojas,miguel,500743,rojam002,rojasmi02,7802,2014,2025
mckenzie,triston,663474,mcket001,mckentr01,18000,2020,2025
colabello,chris,499624,colac001,colabch01,13051,2013,2016
kieboom,spencer,571851,kiebs001,kiebosp01,13300,2016,2018
bellinger,cody,641355,bellc002,bellico01,15998,2017,2025
gentry,craig,502226,gentc001,gentrcr01,9571,2009,2018
moreno,gabriel,672515,moreg001,morenga01,22664,2022,2025
galloway,isaac,543194,galli001,gallois01,5238,2018,2019
correa,carlos,621043,corrc001,correca01,14162,2015,2025
garza,matt,490063,garzm001,garzama01,3340,2006,2017
vosler,jason,613564,voslj001,vosleja01,16686,2021,2024
hill,aaron,431094,hilla001,hillaa01,6104,2005,2017
field,johnny,608654,fielj003,fieldjo04,15048,2018,2018
rosario,amed,642708,rosaa003,rosaram01,15518,2017,2025
merrill,jackson,701538,merrj002,merrija01,29490,2024,2025
tejada,rubén,514913,tejar001,tejadru01,5519,2010,2019
ethier,andre,444843,ethia001,ethiean01,6265,2006,2017
worley,vance,474699,worlv001,worleva01,6435,2010,2017
kazmar,sean,453527,kazms002,kazmase01,7349,2008,2021
gsellman,robert,607229,gselr001,gsellro01,13696,2016,2022
peterson,dustin,640460,peted002,peterdu01,15189,2018,2019
senzatela,antonio,622608,senza001,senzaan01,15488,2017,2025
weber,ryan,543901,weber001,weberry01,10160,2015,2023
corona,kenedy,685744,corok001,coronke01,-1,2025,2025
fleming,josh,676596,flemj001,flemijo01,20418,2020,2024
ortiz,david,120074,ortid001,ortizda01,745,1997,2016
rogers,jason,595386,rogej002,rogerja02,11773,2014,2016
melville,tim,543532,melvt001,melviti01,9149,2016,2019
swaggerty,travis,680552,swagt001,swaggtr01,24491,2022,2022
bourgeois,jason,430652,bourj001,bourgja01,2225,2008,2015
sweeney,darnell,572182,sweed001,sweenda02,13284,2015,2018
cole,zach,805904,colez001,coleza01,-1,2025,2025
hurst,scott,656568,hurss001,hurstsc01,20501,2021,2021
garlick,kyle,664247,garlk001,garliky01,18063,2019,2023
narváez,carlos,665966,narvc002,narvaca01,-1,2024,2025
knizner,andrew,668800,kniza001,kniznan01,19514,2019,2025
zobrist,ben,450314,zobrb001,zobribe01,7435,2006,2019
cashner,andrew,488768,casha001,cashnan01,8782,2010,2019
pollock,aj,572041,polla001,polloaj01,9256,2012,2023
norris,bud,502032,norrb001,norribu01,9492,2009,2018
villar,david,681584,villd001,villada01,24782,2022,2025
richardson,antoan,460322,richa001,richaan01,209,2011,2014
jiménez,eloy,650391,jimee001,jimenel02,17484,2019,2024
hermosillo,michael,641684,hermm001,hermomi01,16285,2018,2022
melendez,mj,669004,melem001,melenmj01,22197,2022,2025
steele,justin,657006,steej002,steelju01,17312,2021,2025
gillespie,cole,502261,gillc002,gilleco01,5888,2010,2016
schebler,scott,594988,sches001,schebsc01,12225,2015,2021
tatís,fernando,665487,tatif002,tatisfe02,19709,2019,2025
burnes,corbin,669203,burnc002,burneco01,19361,2018,2025
crismatt,nabil,622503,crisn001,crismna01,17732,2020,2025
bourjos,peter,488721,bourp001,bourjpe01,2578,2010,2019
jackson,ryan,474249,jackr005,jacksry02,6596,2012,2015
duplantier,jon,641541,duplj001,duplajo01,19546,2019,2021
rogers,jake,668670,rogej004,rogerja03,19452,2019,2025
moroff,max,621559,morom001,morofma01,14556,2016,2021
gilbert,drew,687551,gilbd001,gilbedr01,-1,2025,2025
kelly,carson,608348,kellc002,kellyca02,13620,2016,2025
hayes,ke'bryan,663647,hayek001,hayeske01,18577,2020,2025
kendrick,howie,435062,kendh001,kendrho01,4229,2006,2020
barnes,jacob,606930,barnj002,barneja01,12323,2016,2025
hicks,john,543308,hickj001,hicksjo02,12547,2015,2021
burriss,emmanuel,502034,burre001,burriem01,2917,2008,2016
tolbert,tyler,686475,tolbt001,tolbety01,-1,2025,2025
napoli,mike,435063,napom001,napolmi01,3057,2006,2017
jurado,ariel,642558,juraa001,juradar01,17030,2018,2020
donaldson,josh,518626,donaj001,donaljo02,5038,2010,2023
mejias-brean,seth,623180,mejis001,mejiase01,13905,2019,2019
duffy,matt,622110,duffm002,duffyma01,13836,2014,2024
cardullo,stephen,506924,cards001,cardust01,11204,2016,2017
young,delmon,430321,yound003,youngde03,2140,2006,2015
phelps,david,475479,pheld001,phelpda01,6316,2012,2022
hall,darick,669742,halld003,hallda02,19717,2022,2023
mountcastle,ryan,663624,mounr001,mountry01,18373,2020,2025
escobar,yunel,488862,escoy001,escobyu01,4191,2007,2017
pineda,israel,672832,pinei001,pinedis01,22906,2022,2022
ramos,bryan,682868,ramob001,ramosbr01,-1,2024,2025
quintana,jose,500779,quinj001,quintjo01,11423,2012,2025
joseph,tommy,571830,joset001,josepto01,10349,2016,2017
contreras,william,661388,contw002,contrwi02,20503,2020,2025
wallach,chad,595453,wallc001,wallach01,17161,2017,2025
porter,logan,682515,portl001,portelo01,20626,2023,2025
nevin,tyler,663527,nevit001,nevinty01,17893,2021,2024
lugo,dawel,608475,lugod001,lugoda01,14713,2018,2020
triggs,andrew,592811,triga001,triggan01,13533,2016,2020
huffman,chad,502151,huffc001,huffmch01,5311,2010,2017
morgan,adam,605388,morga001,morgaad01,12580,2015,2021
white,eli,642201,white006,whiteel04,19346,2020,2025
wilkerson,stevie,592859,wilks001,wilkest01,16041,2018,2021
minor,mike,501985,minom001,minormi01,10021,2010,2022
hazelbaker,jeremy,571757,hazej001,hazelje01,9399,2016,2017
senzel,nick,669222,senzn001,senzeni01,19293,2019,2024
gutiérrez,kelvin,642721,gutik001,gutieke01,17468,2019,2022
valaika,chris,453362,valac001,valaich01,1165,2010,2014
tulowitzki,troy,453064,tulot001,tulowtr01,3531,2006,2019
feldman,scott,444857,felds001,feldmsc01,6283,2005,2017
johnson,chris,453400,johnc003,johnsch05,1191,2009,2016
fortes,nick,663743,fortn001,forteni01,21538,2021,2025
oviedo,johan,670912,oviej001,oviedjo01,22487,2020,2025
grandal,yasmani,518735,grany001,grandya01,11368,2012,2024
crawford,brandon,543063,crawb001,crawfbr01,5343,2011,2024
dozier,hunter,641531,dozih001,doziehu01,15117,2016,2023
strausborger,ryan,595005,strar001,straury01,10937,2015,2015
montgomery,mike,543557,montm002,montgmi01,4869,2015,2020
reinheimer,jack,595373,reinj001,reinhja01,14938,2017,2018
brinson,lewis,621446,brinl001,brinsle01,14352,2017,2022
perkins,blake,663368,perkb002,perkibl01,19921,2023,2025
renfroe,hunter,592669,renfh001,renfrhu01,15464,2016,2025
turner,stuart,642156,turns002,turnest01,15207,2017,2017
durapau,montana,657566,duram002,durapmo01,16768,2019,2019
outman,james,681546,outmj002,outmaja01,24770,2022,2025
dickson,o'koyea,607297,dicko001,dicksok01,12677,2017,2017
craig,allen,501800,craia001,craigal01,3433,2010,2015
duffy,danny,518633,duffd001,duffyda01,3542,2011,2021
arenado,nolan,571448,arenn001,arenano01,9777,2013,2025
kinsler,ian,435079,kinsi001,kinslia01,6195,2006,2019
hoffman,jeff,656546,hoffj003,hoffmje02,17432,2016,2025
suárez,ranger,624133,suarr001,suarera01,17277,2018,2025
suzuki,kurt,435559,suzuk001,suzukku01,8259,2007,2022
gant,john,607231,gantj002,gantjo01,13684,2016,2021
fletcher,david,664058,fletd002,fletcda02,17992,2018,2024
williams,alika,675961,willa005,willial04,27604,2023,2024
vargas,ildemaro,545121,vargi001,vargail01,13324,2017,2025
taijeron,travis,607369,taijt001,taijetr01,11935,2017,2017
long,shed,643418,longs001,longsh01,16542,2019,2021
decker,jaff,543094,deckj001,deckeja01,7945,2013,2017
murphy,tom,608596,murpt002,murphto04,13499,2015,2024
madrigal,nick,663611,madrn001,madrini01,20521,2020,2024
cuddyer,michael,150212,cuddm001,cuddymi01,1534,2001,2015
barrera,tres,668663,barrt004,barretr01,19977,2019,2023
luplow,jordan,656669,luplj001,luplojo01,16424,2017,2023
moss,brandon,461235,mossb001,mossbr01,4467,2007,2017
cordero,franchy,614173,cordf003,cordefr02,14567,2017,2023
edwards,carl,605218,edwac001,edwarca01,13607,2015,2025
rodgers,brendan,663898,rodgb002,rodgebr02,17907,2019,2025
valbuena,luis,472528,valbl001,valbulu01,4969,2008,2018
greiner,grayson,606988,greig001,greingr01,17062,2018,2022
marsh,brandon,669016,marsb002,marshbr02,20202,2021,2025
choo,shin-soo,425783,choos001,choosh01,3174,2005,2020
hardy,j. j.,429666,hardj003,hardyjj01,3797,2005,2017
cowser,colton,681297,cowsc001,cowseco01,29591,2023,2025
riddle,jt,595375,riddj001,riddljt01,17642,2017,2022
kottaras,george,435459,kottg001,kottage01,5506,2008,2014
negrón,kristopher,502117,negrk001,negrokr01,5306,2012,2019
walters,zach,595025,waltz001,walteza01,10622,2013,2016
mondesí,adalberto,609275,mondr003,mondera02,13769,2016,2022
gelof,zack,680869,geloz001,gelofza01,29766,2023,2025
hague,matt,518755,hagum001,haguema01,7772,2012,2015
zagunis,mark,657145,zagum002,zagunma01,16565,2017,2019
loney,james,425766,lonej001,loneyja01,4556,2006,2016
mauer,joe,408045,mauej001,mauerjo01,1857,2004,2018
norby,connor,681393,norbc001,norbyco01,-1,2024,2025
davis,brendon,663478,davib006,davisbr04,18587,2022,2022
hanigan,ryan,452672,hanir001,hanigry01,4952,2007,2017
soto,elliot,519303,sotoe001,sotoel01,11155,2020,2020
santana,ervin,429722,sante001,santaer01,3200,2005,2021
alcántara,kevin,682634,alcak001,alcanke01,-1,2024,2025
quentin,carlos,435041,quenc001,quentca01,6274,2006,2014
shreve,chasen,592741,shrec001,shrevch01,10855,2014,2024
arcia,francisco,516472,arcif001,arciafr01,10286,2018,2018
barrosa,jorge,678489,barrj004,barrojo01,23968,2024,2025
machado,manny,592518,machm001,machama01,11493,2012,2025
mcdonald,mickey,676782,mcdom002,mcdonmi01,20533,2022,2022
mccoy,mason,669200,mccom002,mccoyma01,22232,2023,2025
yastrzemski,mike,573262,yastm001,yastrmi01,14854,2019,2025
house,brady,691781,housb001,housebr01,-1,2025,2025
mazeika,patrick,664850,mazep001,mazeipa01,18142,2021,2022
parrino,andy,519107,parra001,parrian01,3972,2011,2015
hernández,yonny,660634,herny003,hernayo02,19432,2021,2023
torres,gleyber,650402,torrg001,torregl01,16997,2018,2025
peralta,wily,503449,peraw001,peralwi01,7738,2012,2022
wong,kolten,543939,wongk001,wongko01,12532,2013,2023
ray,robbie,592662,ray-r002,rayro02,11486,2014,2025
moore,christian,695681,moorc002,moorech03,-1,2025,2025
nieuwenhuis,kirk,543590,nieuk001,nieuwki01,6400,2012,2017
arcia,oswaldo,542455,arcio001,arciaos01,10306,2013,2016
johnson,bryce,669369,johnb005,johnsbr03,20002,2022,2025
peguero,liover,678894,pegul001,pegueli01,24273,2022,2025
toussaint,touki,657053,toust001,toussto01,16929,2018,2025
alzolay,adbert,640470,alzoa001,alzolad01,17859,2019,2024
cowart,kaleb,592230,cowak001,cowarka01,11494,2015,2019
caballero,josé,676609,cabaj001,cabaljo01,23401,2023,2025
feduccia,hunter,676439,feduh001,feduchu01,-1,2024,2025
mead,curtis,678554,meadc001,meadcu01,23986,2023,2025
wallner,matt,670242,wallm001,wallnma01,26466,2022,2025
rodríguez,jefry,622446,rodrj005,rodrije01,17018,2018,2021
blanco,andrés,433217,blana001,blancan01,1907,2004,2017
meadows,austin,640457,meada001,meadoau01,15672,2018,2023
camargo,johan,622666,camaj001,camarjo01,14950,2017,2023
koss,christian,683766,kossc001,kossch01,-1,2025,2025
jackson,drew,623515,jackd004,jacksdr01,17807,2019,2022
uceta,edwin,670955,ucete001,ucetaed01,20539,2021,2025
joyce,matt,459964,joycm001,joycema01,3353,2008,2021
saltalamacchia,jarrod,457454,saltj001,saltaja01,5557,2007,2018
cabrera,ramón,541608,cabrr001,cabrera01,10327,2015,2016
casali,curt,592200,casac001,casalcu01,12510,2014,2024
mclain,matt,680574,mclam001,mclaima01,29695,2023,2025
crawford,carl,408307,crawc002,crawfca02,1201,2002,2016
fedde,erick,607200,fedde001,feddeer01,17425,2017,2025
fryer,eric,518700,fryee001,fryerer01,8145,2011,2017
chen,wei-yin,612672,chenw001,chenwe02,13071,2012,2019
jones,greg,675659,joneg003,jonesgr02,-1,2024,2025
dorow,ryan,676900,doror001,dorowry01,23559,2021,2021
garcía,avisaíl,541645,garca003,garciav01,5760,2012,2024
schmidt,clarke,657376,schmc002,schmicl01,19899,2020,2025
gonzález,carlos,471865,gonzc001,gonzaca01,7287,2008,2019
pomeranz,drew,519141,pomed001,pomerdr01,11426,2011,2025
simpson,chandler,802415,simpc001,simpsch01,-1,2025,2025
moore,adam,446192,moora001,mooread01,9362,2009,2018
buxton,byron,621439,buxtb001,buxtoby01,14161,2015,2025
ervin,phil,640447,ervip001,ervinph01,14738,2017,2020
edwards,xavier,669364,edwax001,edwarxa01,22266,2023,2025
garcía,luis,671277,garcl006,garcilu04,20391,2020,2025
mitchell,cal,668751,mitcc002,mitchca01,22169,2022,2023
leblanc,wade,453281,leblw001,leblawa01,5221,2008,2021
robertson,dan,543706,robed003,roberda09,6266,2014,2017
dean,austin,621573,deana001,deanau01,18288,2018,2022
freese,david,501896,freed001,freesda01,9549,2009,2019
tovar,ezequiel,678662,tovae001,tovarez01,24064,2022,2025
walsh,colin,595023,walsc001,walshco02,10961,2016,2016
urrutia,henry,625329,urruh001,urruthe01,14441,2013,2015
pérez,carlos,542208,perec003,perezca02,10642,2015,2023
basabe,luis alexander,642772,basal001,basablu01,17839,2020,2020
wieters,matt,446308,wietm001,wietema01,4298,2009,2020
asche,cody,605125,aschc001,ascheco01,11997,2013,2017
gose,anthony,543238,gosea001,gosean01,5097,2012,2024
martínez,víctor,400121,martv001,martivi01,393,2002,2018
guthrie,dalton,656495,guthd001,guthrda01,21293,2022,2023
meidroth,chase,805367,meidc001,meidrch01,-1,2025,2025
kurtz,nick,701762,kurtn001,kurtzni01,-1,2025,2025
kingery,scott,664068,kings001,kingesc01,17975,2018,2025
hoover,j. j.,543331,hoovj002,hoovejj01,9037,2012,2018
wilson,marcus,657129,wilsm003,wilsoma02,17910,2022,2022
vázquez,felipe,553878,rivef001,riverfe01,12076,2015,2019
moustakas,mike,519058,mousm001,moustmi01,4892,2011,2023
teherán,julio,527054,tehej001,teherju01,6797,2011,2024
mathisen,wyatt,621500,mathw001,mathiwy01,14555,2020,2021
davis,henry,680779,davih001,davishe01,29617,2023,2025
nelson,jimmy,519076,nelsj004,nelsoji02,10547,2013,2021
aviles,mike,449107,avilm001,avilemi01,5986,2008,2017
pereda,jhonny,640902,perej004,peredjh01,-1,2024,2025
parker,kyle,592621,parkk001,parkeky01,11763,2014,2015
sisco,chance,642082,siscc001,siscoch01,15694,2017,2021
brown,domonic,502126,browd004,browndo01,3154,2010,2015
cordell,ryan,641477,cordr001,cordery01,15181,2018,2020
freeman,tyler,671289,freet001,freemty01,22532,2022,2025
brown,trevor,623143,browt002,browntr01,13895,2015,2016
torres,ramón,593527,torrr002,torrera01,14113,2017,2018
woodruff,brandon,605540,woodb005,woodrbr01,16162,2017,2025
drury,brandon,592273,drurb001,drurybr01,11615,2015,2024
barrero,josé,676480,garcj007,garcijo02,23378,2020,2025
sampson,keyvius,572102,sampk001,sampske01,10039,2015,2016
williams,luke,663897,willl001,willilu01,19931,2021,2025
jones,nolan,666134,jonen002,jonesno01,20529,2022,2025
córdoba,allen,642707,corda001,cordoal01,15722,2017,2017
remillard,zach,621545,remiz001,remilza01,19788,2023,2024
ray,corey,641999,ray-c002,rayco01,19170,2021,2021
schierholtz,nate,435625,schin001,schiena01,6201,2007,2014
fry,david,681807,fry-d001,fryda01,24934,2023,2025
kuhl,chad,641771,kuhlc001,kuhlch01,14975,2016,2024
osuna,josé,591741,osunj001,osunajo01,12937,2017,2020
tovar,wilfredo,541600,tovaw001,tovarwi01,10416,2013,2021
capra,vinny,681962,caprv001,capravi01,25040,2022,2025
mercer,jordy,474568,mercj002,mercejo03,6547,2012,2021
brito,sócrates,593647,brits001,britoso01,12944,2015,2019
bailey,patrick,672275,bailp001,bailepa01,27478,2023,2025
archer,chris,502042,archc001,archech01,6345,2012,2022
rocchio,brayan,677587,roccb001,rocchbr01,23690,2023,2025
miranda,josé,669304,miraj002,miranjo01,20538,2022,2025
castellanos,nick,592206,castn001,casteni01,11737,2013,2025
parmelee,chris,476633,parmc001,parmech01,2554,2011,2016
eldridge,bryce,805811,eldrb002,eldribr01,-1,2025,2025
rengifo,luis,650859,rengl001,rengilu01,19858,2019,2025
smith,josh,669701,smitj007,smithjo11,26396,2022,2025
fletcher,dominic,666150,fletd003,fletcdo01,26149,2023,2025
finnegan,brandon,605232,finnb001,finnebr01,16208,2014,2018
dominguez,chris,458689,domic001,dominch01,9718,2014,2015
esch,jake,605222,eschj001,eschja01,12756,2016,2017
jeffress,jeremy,502026,jeffj001,jeffrje01,9490,2010,2020
reyes,pablo,622569,reyep001,reyespa01,16357,2018,2025
palacios,jermaine,650339,palaj002,palacje01,18371,2022,2022
moran,colin,592567,morac001,moranco01,16909,2016,2022
castro,daniel,593495,castd001,castrda01,15450,2015,2018
kennedy,buddy,671083,kennb002,kennebu01,22505,2022,2025
deluca,jonny,676356,deluj001,delucjo01,26365,2023,2025
hernández,césar,514917,hernc005,hernace02,10556,2013,2022
holloway,jordan,656548,hollj002,hollojo01,20631,2020,2022
mendick,danny,664901,mendd002,mendida01,18889,2019,2024
wojciechowski,asher,592879,wojca001,wojcias01,10836,2015,2021
france,ty,664034,frant002,francty01,17982,2019,2025
smith,dominic,642086,smitd008,smithdo02,15653,2017,2025
smith,josh,595001,smitj004,smithjo07,10946,2015,2020
bettis,chad,518452,bettc001,bettich01,10587,2013,2019
deluzio,ben,641512,delub001,deluzbe01,19644,2022,2022
engel,adam,641553,engea001,engelad01,15082,2017,2023
gagnon,drew,543193,gagnd001,gagnodr01,12545,2018,2019
bogusevic,brian,460131,bogub001,bogusbr01,4719,2010,2015
beaty,matt,607461,beatm001,beatyma01,17710,2019,2023
lagares,juan,501571,lagaj001,lagarju01,5384,2013,2022
dykstra,allan,488852,dyksa001,dykstal01,9113,2015,2015
crook,narciso,643271,croon001,crookna01,17473,2022,2022
raley,luke,670042,ralel001,raleylu01,19354,2021,2025
gott,trevor,641627,gottt001,gotttr01,15046,2015,2023
iglesias,raisel,628452,igler001,iglesra01,17130,2015,2025
baldwin,drake,686948,baldd001,baldwdr01,-1,2025,2025
jackson,jeremiah,669236,jackj002,jacksje02,-1,2025,2025
hunter,cedric,501986,huntc001,huntece01,2833,2011,2016
grichuk,randal,545341,gricr001,grichra01,10243,2014,2025
aoki,nori,493114,aokin001,aokino01,13075,2012,2017
sanchez,aaron,592717,sanca006,sanchaa01,11490,2014,2022
van slyke,scott,475100,vanss001,vanslsc01,4365,2012,2017
toglia,michael,669911,toglm001,toglimi01,25845,2022,2025
carpenter,matt,572761,carpm002,carpema01,8090,2011,2024
cishek,steve,518553,cishs001,cishest01,6483,2010,2022
marjama,mike,605357,marjm001,marjami01,12594,2017,2018
beckham,gordon,493596,beckg001,beckhgo01,9015,2009,2019
anderson,tyler,542881,andet002,anderty01,12880,2016,2025
almora,albert,546991,almoa002,almoral01,14109,2016,2022
davis,rookie,606959,davir004,davisro03,14962,2017,2019
fermin,freddy,666023,fermf002,fermifr01,21840,2022,2025
cozart,zack,446359,cozaz001,cozarza01,2616,2011,2019
blandino,alex,607468,blana002,blandal01,16271,2018,2021
monasterio,andruw,655316,monaa001,monasan01,19455,2023,2025
gasper,mickey,681508,gaspm001,gaspemi01,-1,2024,2025
delauter,chase,800050,delac001,delauch01,-1,,
brebbia,john,605154,brebj001,brebbjo01,12777,2017,2025
cuevas,noel,571595,cuevn001,cuevano01,11894,2018,2019
bonifácio,emilio,466988,bonie001,bonifem01,4054,2007,2020
reynolds,matt,608703,reynm003,reynoma03,13788,2016,2023
guillorme,luis,641645,guill001,guilllu01,16451,2018,2025
clement,ernie,676391,cleme002,clemeer01,20352,2021,2025
handley,maverick,668974,handm001,handlma01,-1,2025,2025
montero,miguel,471083,montm001,montemi01,3364,2006,2018
adams,riley,656180,adamr004,adamsri03,19864,2021,2025
daza,yonathan,602074,dazay001,dazayo01,15794,2019,2023
shuck,jb,543776,shucj001,shuckja01,6677,2011,2019
grissom,vaughn,687093,grisv001,grissva01,26031,2022,2024
williams,mason,592863,willm007,willima10,11859,2015,2021
covey,dylan,592229,coved001,coveydy01,14825,2017,2023
mahtook,mikie,543484,mahtm001,mahtomi01,13130,2015,2019
teel,kyle,691019,teelk001,teelky01,-1,2025,2025
guzman,denzer,694203,guzmd002,guzmade01,-1,2025,2025
peters,dj,656847,peted004,peterdj01,19348,2021,2021
gorman,nolan,669357,gormn001,gormano01,22263,2022,2025
gordon,alex,460086,gorda001,gordoal01,5209,2007,2020
olivo,miguel,400018,olivm001,olivomi01,1638,2002,2014
corbin,patrick,571578,corbp001,corbipa01,9323,2012,2025
yoshida,masataka,807799,yoshm002,yoshima02,31837,2023,2025
wong,kean,642221,wongk002,wongke01,15994,2019,2021
hernández,enrique,571771,herne001,hernaen02,10472,2014,2025
samardzija,jeff,502188,samaj001,samarje01,3254,2008,2020
cecchini,gavin,608325,ceccg002,cecchga02,17005,2016,2017
snelten,d. j.,592769,sneld001,sneltdj01,15949,2018,2018
suzuki,seiya,673548,suzus001,suzukse01,30116,2022,2025
voth,austin,608723,votha001,vothau01,15047,2018,2024
marsee,jakob,805300,marsj002,marseja01,-1,2025,2025
cooper,garrett,643265,coopg002,coopega03,15279,2017,2024
nicolino,justin,592593,nicoj001,nicolju01,11754,2015,2017
darvish,yu,506433,darvy001,darviyu01,13074,2012,2025
pérez,michael,605421,perem005,perezmi03,12977,2018,2023
holt,brock,571788,holtb002,holtbr01,9345,2012,2021
gonzález,oscar,660757,gonzo001,gonzaos01,20970,2022,2025
alexander,cj,680769,alexc001,alexacj01,-1,2024,2025
encarnacion,jerar,666464,encaj002,encarje01,21871,2022,2025
guerra,junior,448855,guerj003,guerrju02,5702,2015,2021
paddack,chris,663978,paddc001,paddach01,20099,2019,2025
doyle,brenton,686668,doylb001,doylebr02,25479,2023,2025
stephenson,robert,596112,stepr002,stephro01,13594,2016,2025
mcfarland,t. j.,519008,mcfat001,mcfartj01,3237,2013,2025
robinson,shane,453203,robis001,robinsh01,4249,2009,2018
lackey,john,407793,lackj001,lackejo01,1507,2002,2017
akiyama,shogo,673451,akiys001,akiyash01,27461,2020,2021
hechavarría,adeiny,588751,hecha001,hechaad01,10459,2012,2020
kavadas,niko,694359,kavan001,kavadni01,-1,2024,2025
gimenez,chris,460269,gimec001,gimench01,7324,2009,2018
baragar,caleb,670056,barac001,baragca01,19231,2020,2021
kivlehan,patrick,623182,kivlp001,kivlepa01,13910,2016,2021
haseley,adam,656514,hasea001,haselad01,19878,2019,2023
lyles,jordan,543475,lylej001,lylesjo01,7593,2011,2024
gonzález,chi chi,592346,gonzc002,gonzach01,14663,2015,2023
iwakuma,hisashi,547874,iwakh001,iwakuhi01,13048,2012,2017
nola,aaron,605400,nolaa001,nolaaa01,16149,2015,2025
uggla,dan,462564,uggld001,ugglada01,3442,2006,2015
cozens,dylan,622226,cozed001,cozendy01,15115,2018,2019
jordan,levi,682119,jordl001,jordale01,-1,2024,2024
o'grady,brian,657434,ograb001,ogradbr01,16729,2019,2021
cahill,trevor,502239,cahit001,cahiltr01,6249,2009,2021
teodosio,bryce,669326,teodb001,teodobr01,-1,2024,2025
lópez,jack,605346,lopej005,lopezja03,13663,2021,2024
barmes,clint,425549,barmc001,barmecl01,1830,2003,2015
pence,hunter,452254,pench001,pencehu01,8252,2007,2020
deshields,delino,592261,deshd002,deshide02,11379,2015,2021
díaz,yandy,650490,diazy001,diazya01,16578,2017,2025
rivas,alfonso,663845,rivaa001,rivasal01,21560,2021,2023
conlon,p. j.,664869,conlp001,conlopj01,18213,2018,2018
peacock,matt,676840,peacm001,peacoma01,20339,2021,2022
scherzer,max,453286,schem001,scherma01,3137,2008,2025
moore,dylan,664238,moord002,mooredy01,18042,2019,2025
corporán,carlos,449786,corpc001,corpoca01,5587,2009,2015
abrams,cj,682928,abrac001,abramcj01,25768,2022,2025
wainwright,adam,425794,waina001,wainwad01,2233,2005,2023
fernández,josé,605228,fernj003,fernajo02,11530,2013,2016
hassell,robert,690987,hassr002,hassero02,-1,2025,2025
heston,chris,518790,hestc001,hestoch01,10302,2014,2017
muncy,max,571970,muncm001,muncyma01,13301,2015,2025
lee,khalil,666137,lee-k001,leekh01,19952,2021,2022
upton,b. j.,425834,uptob001,uptonbj01,5015,2004,2016
mcgehee,casey,431171,mcgec001,mcgehca01,6086,2008,2016
rooker,brent,667670,rookb001,rookebr01,19627,2020,2025
orf,nate,644337,orf-n001,orfna01,15407,2018,2020
frandsen,kevin,435623,frank001,frandke01,7528,2006,2015
ornelas,tirso,672359,ornet001,ornelti01,-1,2025,2025
brach,brad,542960,bracb001,brachbr01,6627,2011,2021
santana,carlos,467793,santc002,santaca01,2396,2010,2025
bird,greg,595885,birdg001,birdgr01,14131,2015,2019
nolin,sean,543594,nolis001,nolinse01,11341,2013,2023
wynns,austin,642851,wynna001,wynnsau01,15271,2018,2025
anderson,bryan,457762,andeb005,anderbr05,9871,2010,2015
leyba,domingo,642736,leybd001,leybado01,16404,2019,2021
mcmahon,ryan,641857,mcmar001,mcmahry01,15112,2017,2025
jensen,carter,695600,jensc001,jenseca01,-1,2025,2025
bliss,ryan,669208,blisr001,blissry01,-1,2024,2025
payton,mark,592622,paytm001,paytoma01,16042,2020,2022
millas,drew,686452,milld003,milladr01,25643,2023,2025
ureña,josé,570632,urenj001,urenajo01,11589,2015,2025
navarro,efren,519068,navae001,navaref01,9854,2011,2018
o'sullivan,sean,457711,osuls001,osullse01,9137,2009,2016
gale,rocky,502570,galer002,galero01,10533,2015,2019
bergman,christian,548357,bergc001,bergmch01,10925,2014,2018
thomas,alek,677950,thoma004,thomaal01,23792,2022,2025
choi,ji man,596847,choij001,choiji01,5452,2016,2023
wendle,joey,621563,wendj002,wendljo01,13853,2016,2024
collins,tyler,607385,collt002,collity01,12723,2014,2017
knehr,reiss,663753,knehr001,knehrre01,21541,2021,2023
phillips,brett,621433,philb002,phillbr02,14735,2017,2023
miller,shelby,571946,mills001,millesh01,10197,2012,2025
bernier,doug,448674,bernd001,bernido01,4518,2008,2015
sierra,magneuris,642423,sierm002,sierrma01,17023,2017,2022
kemp,tony,643393,kempt001,kempto01,14894,2016,2024
vogt,stephen,519390,vogts001,vogtst01,5000,2012,2022
perdomo,luis,606131,perdl002,perdolu02,14682,2016,2022
lopez,rafael,607257,loper002,lopezra02,12606,2014,2018
pinder,chad,640461,pindc001,pindech01,15191,2016,2022
straw,myles,664702,stram002,strawmy01,17620,2018,2025
wisely,brett,689172,wiseb001,wiselbr01,27735,2023,2025
souza,steven,519306,souzs001,souzast01,5667,2014,2022
seager,kyle,572122,seagk001,seageky01,9785,2011,2021
cunningham,todd,592239,cunnt001,cunnito01,10822,2013,2016
wagner,tyler,621281,wagnt001,wagnety01,13796,2015,2016
romo,drew,691011,romod001,romodr01,-1,2024,2025
rosario,eddie,592696,rosae001,rosared01,12155,2015,2025
urshela,gio,570482,urshg001,urshegi01,10681,2015,2025
dietrich,derek,518618,dietd001,dietrde01,10542,2013,2020
martínez,carlos,593372,martc006,martica04,11682,2013,2021
lopes,christian,547173,lopec001,lopesch01,13472,2022,2022
álvarez,yordan,670541,alvay001,alvaryo01,19556,2019,2025
chávez,endy,346795,chave002,chaveen01,768,2001,2014
goldschmidt,paul,502671,goldp001,goldspa01,9218,2011,2025
reynolds,bryan,668804,reynb001,reynobr01,19326,2019,2025
proctor,ford,665154,procf001,proctfo01,21634,2022,2022
jones,adam,430945,jonea003,jonesad01,6368,2006,2019
schanuel,nolan,694384,schan001,schanno01,33189,2023,2025
avila,alex,488671,avila001,avilaal01,7476,2009,2021
chavis,michael,656308,chavm001,chavimi01,17321,2019,2023
schunk,aaron,668845,schua002,schunaa01,-1,2024,2025
lohse,kyle,346798,lohsk001,lohseky01,739,2001,2016
stephenson,tyler,663886,stept001,stephty01,17988,2020,2025
weaver,luke,596133,weavl001,weavelu01,16918,2016,2025
lux,gavin,666158,lux-g001,luxga01,19955,2019,2025
diaz,yainer,673237,diazy004,diazya02,23003,2022,2025
peña,jeremy,665161,penaj004,penaje02,21636,2022,2025
mercado,óscar,640458,merco003,mercaos01,16375,2019,2023
carter,evan,694497,carte001,carteev01,27790,2023,2025
mervis,matt,670223,mervm001,mervima01,27845,2023,2025
adleman,tim,534947,adlet001,adlemti01,10968,2016,2017
jackson,austin,457706,jacka001,jacksau01,9848,2010,2018
katoh,gosuke,641741,katog001,katohgo01,15697,2022,2022
aquino,aristides,606157,aquia001,aquinar01,15482,2018,2022
wade,tyler,642180,wadet002,wadety01,15730,2017,2025
krol,ian,571871,kroli001,krolia01,10066,2013,2021
peña,ariel,516414,penaa003,penaar01,10240,2015,2016
castro,starlin,516770,casts001,castrst01,4579,2010,2021
ríos,edwin,621458,riose001,riosed01,18316,2019,2024
pham,tommy,502054,phamt001,phamth01,2967,2014,2025
heyward,jason,518792,heywj001,heywaja01,4940,2010,2025
jones,jacoby,592444,jonej006,jonesja07,14818,2016,2021
espino,paolo,502179,espip001,espinpa01,8246,2017,2024
smith,caleb,592761,smitc006,smithca03,14875,2017,2022
myers,dane,667472,myerd001,myersda01,22054,2023,2025
peña,brayan,430910,penab002,penabr01,3231,2005,2016
hamilton,caleb,643348,hamic001,hamilca01,19842,2022,2023
smith,pavin,656976,smitp002,smithpa04,19892,2020,2025
hamilton,billy,571740,hamib001,hamilbi02,10199,2013,2023
cooney,tim,608641,coont001,cooneti01,13762,2015,2015
dahl,david,621311,dahld001,dahlda01,13744,2016,2024
glasnow,tyler,607192,glast001,glasnty01,14374,2016,2025
lawrence,casey,596271,lawrc001,lawreca01,11121,2017,2025
cabrera,melky,466320,cabrm002,cabreme01,4022,2005,2019
culberson,charlie,518586,culbc001,culbech01,3298,2012,2023
goeddel,tyler,595963,goedt001,goeddty01,13180,2016,2016
pedroia,dustin,456030,pedrd001,pedrodu01,8370,2006,2019
meyers,jake,676694,meyej002,meyerja02,20308,2021,2025
park,hoy,660829,parkh001,parkho01,18027,2021,2022
strange-gordon,dee,543829,gordd002,gordode01,8203,2011,2022
locklear,tyler,682988,lockt001,locklty01,-1,2024,2025
yepez,juan,660766,yepej001,yepezju01,18400,2022,2024
alvarez,nacho,805373,alvan001,alvarna01,31765,2024,2025
pérez,wenceel,672761,perew002,perezwe01,-1,2024,2025
rojas,josé,670351,rojaj002,rojasjo02,19331,2021,2022
davidson,logan,669722,davil002,davidlo01,-1,2025,2025
kozma,pete,518902,kozmp001,kozmape01,2539,2011,2021
weeks,rickie,430001,weekr001,weeksri01,1849,2003,2017
garcía,maikel,672580,garcm003,garcima01,22715,2022,2025
peralta,freddy,642547,peraf001,peralfr01,18679,2018,2025
federowicz,tim,543148,fedet001,federti01,8609,2011,2019
herrera,rosell,594011,herrr002,herrero02,11611,2018,2019
williamson,ben,810938,willb004,willibe03,-1,2025,2025
morse,mike,434604,morsm001,morsemi01,3035,2005,2017
romero,enny,544836,romee002,romeren01,4001,2013,2018
pratto,nick,668472,pratn001,prattni01,22117,2022,2024
reimold,nolan,460099,reimn001,reimono01,3441,2009,2016
wood,travis,475243,woodt004,woodtr01,9884,2010,2017
espinosa,danny,457787,espid001,espinda01,9219,2010,2017
posey,buster,457763,poseb001,poseybu01,9166,2009,2021
martínez,angel,682657,marta008,martian02,-1,2024,2025
walker,neil,435522,walkn001,walkene01,7539,2009,2020
álvarez,francisco,682626,alvaf001,alvarfr01,26121,2022,2025
lind,adam,452252,linda001,lindad01,8027,2006,2017
snell,blake,605483,snelb001,snellbl01,13543,2016,2025
seager,corey,608369,seagc001,seageco01,13624,2015,2025
headley,chase,452104,headc001,headlch01,4720,2007,2018
orlando,paulo,449181,orlap001,orlanpa01,8628,2015,2018
reetz,jakson,656883,reetj001,reetzja01,17837,2021,2024
norris,derek,519083,norrd001,norride01,6867,2012,2017
ellis,a. j.,454560,ellia001,ellisaj01,5677,2008,2018
cheng,tsung-che,691907,chent001,chengts01,-1,2025,2025
mcguire,reese,624512,mcgur002,mcguire01,15674,2018,2025
feliciano,mario,666128,felim002,felicma01,20263,2021,2022
varsho,daulton,662139,varsd001,varshda01,19918,2020,2025
williamson,mac,607776,willm008,willima11,14158,2015,2019
wilson,bryse,669060,wilsb003,wilsobr02,19990,2018,2025
brubaker,jt,664141,brubj001,brubajt01,17578,2020,2025
cravy,tyler,572788,cravt001,cravyty01,10770,2015,2016
gómez,héctor,467143,gomeh001,gomezhe01,2264,2011,2015
hays,austin,669720,haysa001,haysau01,19363,2017,2025
noll,jake,669738,nollj001,nollja01,19703,2019,2020
rutherford,blake,666164,ruthb001,ruthebl01,19957,2023,2023
briceño,josé,593993,bricj001,bricejo01,13151,2018,2020
chang,yu,644374,chany001,changyu01,14773,2019,2023
o'neill,tyler,641933,oneit001,oneilty01,15711,2018,2025
yelich,christian,592885,yelic001,yelicch01,11477,2013,2025
santana,danny,542454,santd001,santada01,10322,2014,2021
alcántara,arismendy,570489,alcaa001,alcanar01,10711,2014,2017
marlowe,cade,687799,marlc001,marloca01,25505,2023,2024
valera,breyvic,591971,valeb001,valerbr01,12758,2017,2021
herrera,josé,645444,herrj003,herrejo04,17040,2022,2025
decker,cody,572804,deckc001,deckeco01,9665,2015,2015
foltynewicz,mike,592314,foltm001,foltymi01,10811,2014,2021
pearce,steve,456665,pears001,pearcst01,9957,2007,2019
castro,willi,650489,castw003,castrwi01,17338,2019,2025
andino,robert,435180,andir001,andinro01,4900,2005,2016
miller,ian,641878,milli001,milleia01,15156,2019,2020
duke,zach,435043,dukez001,dukeza01,3840,2005,2019
smoak,justin,475253,smoaj001,smoakju01,9054,2010,2020
rortvedt,ben,666163,rortb001,rortvbe01,20287,2021,2025
fuld,sam,453539,fulds001,fuldsa01,8254,2007,2015
eflin,zach,621107,efliz001,eflinza01,13774,2016,2025
hunter,torii,116338,huntt001,hunteto01,731,1997,2015
gonzález,marwin,503556,gonzm002,gonzama01,5497,2012,2022
webster,allen,543903,websa001,webstal01,3993,2013,2019
gonzalez,gio,461829,gonzg003,gonzagi01,7448,2008,2020
ashley,nevin,502213,ashln001,ashlene01,3274,2015,2015
travis,sam,607752,travs001,travisa01,16263,2017,2019
venable,will,461416,venaw001,venabwi01,211,2008,2016
grossman,robbie,543257,grosr001,grossro01,5254,2013,2024
lincecum,tim,453311,linct001,linceti01,5705,2007,2016
klein,phil,607309,kleip001,kleinph01,12675,2014,2016
pirela,josé,517369,pirej001,pireljo01,5485,2014,2019
o'hearn,ryan,656811,ohear001,ohearry01,16442,2018,2025
jones,james,571825,jonej005,jonesja06,9767,2014,2015
means,john,607644,meanj001,meansjo01,16269,2018,2024
crawford,j. p.,641487,crawj002,crawfjp01,15491,2017,2025
garneau,dustin,572863,garnd001,garnedu01,9433,2015,2022
turner,trea,607208,turnt001,turnetr01,16252,2015,2025
lugo,matthew,683090,lugom001,lugoma01,-1,2025,2025
mcgowan,dustin,430661,mcgod001,mcgowdu01,8600,2005,2017
núñez,renato,600524,nuner001,nunezre01,14503,2016,2021
mariñez,jhan,501697,marij001,marinjh01,5830,2010,2018
basabe,osleivis,678545,basao001,basabos01,23985,2023,2023
schuemann,max,680474,schum002,schuema01,-1,2024,2025
martin,russell,431145,martr004,martiru01,4616,2006,2019
urías,julio,628711,uriaj001,uriasju01,14765,2016,2023
giambrone,trent,623508,giamt001,giambtr01,19250,2021,2021
graveman,kendall,608665,gravk001,graveke01,15514,2014,2025
middlebrooks,will,519025,middw001,middlwi01,7002,2012,2017
walker,christian,572233,walkc002,walkech02,13419,2014,2025
pérez,juan,543633,perej002,perezju02,5371,2013,2015
verdugo,alex,657077,verda001,verdual01,17027,2017,2025
verrett,logan,548337,verrl001,verrelo01,12905,2015,2017
kemp,matt,461314,kempm001,kempma01,5631,2006,2020
dawson,ronnie,669008,dawsr001,dawsoro01,19710,2021,2022
rickard,joey,572073,rickj001,rickajo01,13277,2016,2020
morneau,justin,408047,mornj001,morneju01,1737,2003,2016
wilson,weston,642215,wilsw002,wilsowe01,19358,2023,2025
mccarthy,joe,663411,mccaj002,mccarjo04,18399,2020,2020
maggi,drew,543482,maggd001,maggidr01,11381,2023,2023
carrera,ezequiel,485567,carre001,carreez01,9048,2011,2017
stratton,chris,608717,strac001,stratch01,13761,2016,2025
pereira,everson,677592,peree005,pereiev01,23695,2023,2025
wilson,will,669717,wilsw003,wilsowi03,-1,2025,2025
higgins,p. j.,664731,higgp001,higgipj01,18433,2021,2022
valentín,jesmuel,621044,valej006,valenje01,14548,2018,2018
rendon,anthony,543685,renda001,rendoan01,12861,2013,2024
simón,alfredo,430580,simoa001,simonal01,2155,2008,2016
martin,richie,621006,martr006,martiri01,17736,2019,2022
dean,justin,681909,deanj001,deanju01,-1,2025,2025
wright,david,431151,wrigd002,wrighda03,3787,2004,2018
overton,dillon,592614,overd001,overtdi01,15627,2016,2017
taylor,michael,572191,taylm002,taylomi02,11489,2014,2025
calixte,orlando,593525,calio001,calixor01,11905,2015,2017
ruiz,rio,547004,ruizr002,ruizri01,14103,2016,2021
sánchez,héctor,516949,sanch002,sanchhe01,10289,2011,2017
mateo,jorge,622761,matej003,mateojo01,17273,2020,2025
cruz,tony,488810,cruzt002,cruzto03,2802,2011,2018
astudillo,willians,553902,astuw001,astudwi01,15608,2018,2022
tartamella,travis,502023,tartt001,tartatr01,6748,2015,2015
gillaspie,conor,543216,gillc001,gillaco01,9009,2008,2017
domínguez,jasson,691176,domij003,dominja01,28080,2023,2025
holmberg,david,571787,holmd002,holmbda01,7725,2013,2017
jiménez,luis,499864,jimel002,jimenlu02,6341,2013,2015
stassi,max,545358,stasm001,stassma01,10059,2013,2022
sierra,moisés,501213,sierm001,sierrmo01,6050,2012,2018
stubbs,garrett,596117,stubg001,stubbga01,18067,2019,2025
giménez,andrés,665926,gimea001,gimenan01,19950,2020,2025
cuthbert,cheslor,596144,cuthc001,cuthbch01,10473,2015,2020
freeland,kyle,607536,freek001,freelky01,16256,2017,2025
howard,spencer,675921,howas003,howarsp01,23252,2020,2024
dominguez,matt,518625,domim001,dominma01,4903,2011,2016
span,denard,452655,spand001,spande01,8347,2008,2018
asher,alec,594742,ashea001,asheral01,13560,2015,2018
lively,ben,594902,liveb001,livelbe01,14932,2017,2025
turang,brice,668930,turab002,turanbr02,22186,2023,2025
wong,connor,657136,wongc001,wongco01,19896,2021,2025
papierski,michael,657709,papim001,papiemi01,21386,2022,2022
ruiz,carlos,434563,ruizc001,ruizca01,2579,2006,2017
jackson,edwin,429719,jacke001,jacksed01,1841,2003,2019
abreu,wilyer,677800,abrew002,abreuwi02,23772,2023,2025
kruger,jack,667674,krugj001,krugeja01,19634,2021,2021
snyder,brandon,474319,snydb003,snydebr03,9856,2010,2018
gyorko,jedd,576397,gyorj001,gyorkje01,10816,2013,2020
plouffe,trevor,461858,plout001,plouftr01,7462,2010,2018
vázquez,christian,543877,vazqc001,vazquch01,9774,2014,2025
miller,brian,675649,millb003,millebr03,20047,2021,2021
freeman,mike,502273,freem002,freemmi01,11241,2016,2021
shewmake,braden,669699,shewb001,shewmbr01,25817,2023,2024
selsky,steve,592731,selss001,selskst01,12957,2016,2017
mcbride,matt,473724,mcbrm002,mcbrima02,9373,2012,2016
chaparro,andrés,665953,chapa002,chapaan01,-1,2024,2025
hoying,jared,592419,hoyij001,hoyinja01,10882,2016,2021
gutiérrez,franklin,429711,gutif001,gutiefr01,3255,2005,2017
triolo,jared,669707,trioj001,triolja01,25807,2023,2025
tom,ka'ai,664789,tom-k001,tomka01,18136,2021,2022
marimón,sugar ray,516970,maris001,marimsu01,6027,2015,2015
hart,corey,430611,hartc001,hartco01,1945,2004,2015
lewis,royce,668904,lewir003,lewisro02,20437,2022,2025
greene,riley,682985,greer003,greenri03,25976,2022,2025
hernaiz,darell,687231,hernd006,hernada04,26224,2024,2025
sanoja,javier,691594,sanoj001,sanojja01,-1,2024,2025
odom,joseph,641929,odomj001,odomjo01,15535,2020,2021
trejo,alan,676701,treja001,trejoal01,20056,2021,2025
rivera,t. j.,608061,rivet001,rivertj01,12495,2016,2017
rollins,jimmy,276519,rollj001,rolliji01,971,2000,2016
loewen,adam,429400,loewa001,loewead01,2134,2006,2016
solís,sammy,519301,solis001,solissa01,11457,2015,2018
brigham,jake,502010,brigj001,brighja01,2851,2015,2015
mesa,victor,683748,mesav001,mesavi01,-1,2025,2025
berroa,steward,672642,berrs002,berrost01,-1,2024,2025
cortes,carlos,666126,cortc001,corteca01,-1,2025,2025
sanó,miguel,593934,sanom001,sanomi01,12164,2015,2024
young,jacob,696285,younj004,youngja03,29931,2023,2025
stanton,giancarlo,519317,stanm004,stantmi03,4949,2010,2025
fernández,josé,628336,fernj004,fernajo03,19254,2018,2018
florial,estevan,664314,flore001,flories01,19151,2020,2024
baker,jeff,425557,bakej001,bakerje03,2073,2005,2015
díaz,isan,656371,diazi001,diazis01,17922,2019,2023
lockridge,brandon,663604,lockb001,lockrbr01,-1,2024,2025
megill,tylor,656731,megit002,megilty01,21318,2021,2025
tromp,chadwick,644433,tromc001,trompch01,16953,2020,2025
de la rosa,jorge,407822,delaj001,rosajo01,2047,2004,2018
koehler,tom,543408,koeht001,koehlto01,6570,2012,2017
sosa,edmundo,624641,sosae001,sosaed01,17022,2018,2025
barrera,luis,642456,barrl001,barrelu01,19615,2021,2022
iglesias,jose,578428,iglej001,iglesjo01,10231,2011,2025
ellis,drew,656403,ellid002,ellisdr01,19873,2021,2023
bradley,bobby,656252,bradb002,bradlbo01,17278,2019,2022
lowe,josh,666139,lowej002,lowejo01,19953,2021,2025
pérez,roberto,547379,perer003,perezro02,2900,2014,2023
fitzgerald,ryan,680837,fitzr001,fitzgry01,-1,2025,2025
reed,cody,642003,reedc002,reedco01,15232,2016,2021
rice,ben,700250,riceb001,ricebe01,-1,2024,2025
arias,gabriel,672356,ariag002,ariasga01,22563,2022,2025
lewis,kyle,641786,lewik001,lewisky01,19508,2019,2023
schafer,jordan,457788,schaj002,schafjo02,9883,2009,2015
pages,andy,681624,pagea001,pagesan01,-1,2024,2025
inciarte,ender,542255,incie001,inciaen01,4922,2014,2022
anderson,tim,641313,andet001,anderti01,15172,2016,2025
smith,cam,701358,smitc010,smithca07,-1,2025,2025
conforto,michael,624424,confm001,confomi01,16376,2015,2025
bruce,jay,457803,brucj001,bruceja01,9892,2008,2021
braun,ryan,460075,braur002,braunry02,3410,2007,2020
butler,lawrence,671732,butll001,butlela01,22542,2023,2025
molina,yadier,425877,moliy001,molinya01,7007,2004,2022
de la cruz,bryan,650559,delab001,delacbr01,19600,2021,2025
biggio,cavan,624415,biggc002,biggica01,19252,2019,2025
borbon,julio,474865,borbj001,borboju01,3209,2009,2016
osuna,alejandro,696030,osuna003,osunaal02,-1,2025,2025
pozo,yohel,650968,pozoy001,pozoyo01,18848,2021,2025
cabrera,edward,665795,cabre003,cabreed02,21690,2021,2025
morel,christopher,666624,morec001,morelch01,21897,2022,2025
jones,ryder,624507,joner005,jonesry01,15982,2017,2018
amburgey,trey,664011,ambut001,amburtr01,18425,2021,2021
franco,maikel,596748,franm004,francma02,12179,2014,2022
smyly,drew,592767,smyld001,smylydr01,11760,2012,2024
spangenberg,cory,605486,spanc001,spangco01,12294,2014,2022
julks,corey,667452,julkc001,julksco01,20311,2023,2025
muzziotti,símon,665922,muzzs001,muzzisi01,19553,2022,2022
davis,rajai,434658,davir003,davisra01,3708,2006,2019
fabian,sandro,660758,fabis001,fabiasa01,-1,2024,2024
tucker,preston,605512,tuckp001,tuckepr01,13633,2015,2018
collins,isaac,686555,colli001,colliis01,-1,2024,2025
johnson,micah,608672,johnm006,johnsmi04,13809,2015,2017
rua,ryan,607387,rua-r001,ruary01,12409,2014,2018
peraza,oswald,672724,perao002,perazos02,22823,2022,2025
stewart,dj,621466,stewd002,stewadj01,17766,2018,2024
montero,elehuris,660707,monte001,monteel01,20543,2022,2024
werth,jayson,150029,wertj001,werthja01,1327,2002,2017
dingler,dillon,693307,dingd001,dingldi01,-1,2024,2025
mccann,kyle,668832,mccak004,mccanky01,25575,2024,2024
gosselin,philip,594838,gossp001,gosseph01,10953,2013,2022
mccann,james,543510,mccaj001,mccanja02,12859,2014,2025
hess,david,605276,hessd001,hessda01,16130,2018,2021
francoeur,jeff,425796,franj004,francje02,4792,2005,2016
florimón,pedro,465753,florp001,floripe01,8385,2011,2018
yates,kirby,489446,yatek001,yateski01,9073,2014,2025
guerrero,gabriel,602115,guerg001,guerrga01,14528,2018,2018
rondón,josé,602922,rondj002,rondojo02,14140,2016,2021
schwindel,frank,643524,schwf001,schwifr01,15351,2019,2022
vargas,miguel,678246,vargm001,vargami01,20178,2022,2025
boesch,brennan,453269,boesb001,boescbr01,914,2010,2015
julien,edouard,666397,julie001,julieed01,27534,2023,2025
rosario,alberto,451705,rosaa002,rosaral01,7125,2016,2017
duran,jarren,680776,duraj001,duranja01,24617,2021,2025
hill,rich,448179,hillr001,hillri01,4806,2005,2025
keirsey,dashawn,680577,keird001,keirsda01,-1,2024,2025
lee,braxton,657658,lee-b001,leebr01,16839,2018,2018
ryan,brendan,453895,ryanb002,ryanbr01,6073,2007,2016
fuentes,rey,571681,fuenr001,fuentre01,10329,2013,2017
devers,rafael,646240,dever001,deverra01,17350,2017,2025
fernández,yanquiel,692585,ferny001,fernaya01,-1,2025,2025
lamet,dinelson,659275,lamed001,lametdi01,17186,2017,2024
vázquez,luis,676679,vazql001,vazqulu01,-1,2024,2025
rave,john,670231,ravej001,ravejo01,-1,2025,2025
wilkins,andy,519421,wilka002,wilkian01,11251,2014,2016
campbell,eric,493472,campe001,campber01,6938,2014,2021
báez,pedro,520980,baezp001,baezpe01,5420,2014,2022
vivas,jorbit,678391,vivaj001,vivasjo01,-1,2025,2025
lucas,ed,448296,lucae001,lucased01,7532,2013,2014
antone,tejay,622088,antot001,antonte01,16233,2020,2024
vogelbach,dan,596129,voged001,vogelda01,14130,2016,2024
lucchesi,joey,664192,luccj001,lucchjo01,19320,2018,2025
león,sandy,506702,leons001,leonsa01,5273,2012,2025
cobb,alex,502171,cobba001,cobbal01,6562,2011,2024
fisher,derek,605233,fishd001,fishede01,16192,2017,2021
abreu,josé,547989,abrej003,abreujo02,15676,2014,2024
callaspo,alberto,430948,calla001,callaal01,3336,2006,2015
martinez,j. d.,502110,martj006,martijd02,6184,2011,2024
reks,zach,676646,reksz001,reksza01,19667,2021,2022
espinal,santiago,669289,espis001,espinsa01,19997,2020,2025
mayer,marcelo,691785,mayem002,mayerma01,-1,2025,2025
nelson,chris,455126,nelsc001,nelsoch01,8175,2010,2014
larsen,jack,677223,larsj001,larseja01,20510,2022,2022
mccray,grant,687529,mccrg001,mccragr01,-1,2024,2025
brooks,trenton,670092,broot002,brooktr01,-1,2024,2025
castillo,luis,622491,castl003,castilu02,15689,2017,2025
barney,darwin,446381,barnd001,barneda01,2430,2010,2017
azocar,josé,640492,azocj001,azocajo01,18821,2022,2025
horwitz,spencer,687462,horws001,horwisp01,26477,2023,2025
soroka,michael,647336,sorom001,sorokmi01,18383,2018,2025
fox,lucius,665650,fox-l001,foxlu01,18899,2022,2022
jeffers,ryan,680777,jeffr002,jeffery01,24618,2020,2025
field,thomas,474494,fielt001,fieldth01,6262,2011,2015
suwinski,jack,669261,suwij001,suwinja01,22244,2022,2025
collins,zack,641470,collz001,colliza01,19181,2019,2023
arrieta,jake,453562,arrij001,arrieja01,4153,2010,2021
nieto,adrián,543589,nieta001,nietoad01,10294,2014,2014
caissie,owen,683357,caiso001,caissow01,-1,2025,2025
robles,hansel,570663,roblh001,robleha01,11801,2015,2022
leiter,mark,643410,leitm002,leitema02,15551,2017,2025
heim,jonah,641680,heimj001,heimjo01,16930,2020,2025
realmuto,j. t.,592663,realj001,realmjt01,11739,2014,2025
chacín,jhoulys,468504,chacj001,chacijh01,2608,2009,2022
freeland,alex,690976,freea001,freelal01,-1,2025,2025
amador,adael,691182,amada001,amadoad01,-1,2024,2025
dunn,blake,694362,dunnb001,dunnbl01,-1,2024,2025
sizemore,grady,429713,sizeg001,sizemgr01,2197,2004,2015
wilson,bobby,435064,wilsb002,wilsobo02,6564,2008,2019
rea,colin,607067,rea-c001,reaco01,12317,2015,2025
church,nathan,701675,churn001,churcna01,-1,2025,2025
heredia,guillermo,628338,hereg002,heredgu01,18721,2016,2022
tawa,tim,694374,tawat001,tawati01,-1,2025,2025
mccarthy,brandon,435221,mccab001,mccarbr01,4662,2005,2018
aybar,erick,430947,aybae001,aybarer01,4082,2006,2017
leake,mike,502190,leakm001,leakemi01,10130,2010,2019
szczur,matt,519333,szczm001,szczuma01,11255,2014,2018
padlo,kevin,656821,padlk001,padloke01,16593,2021,2023
peterson,david,656849,peted003,peterda01,20302,2020,2025
matz,steven,571927,matzs001,matzst01,13361,2015,2025
adell,jo,666176,adelj001,adelljo01,20220,2020,2025
rodríguez,julio,677594,rodrj007,rodriju01,23697,2022,2025
may,jacob,594576,may-j001,mayja02,14876,2017,2017
kwan,steven,680757,kwans001,kwanst01,24610,2022,2025
quiroz,esteban,606019,quire001,quiroes01,19780,2022,2022
harvey,matt,518774,harvm001,harvema01,11713,2012,2021
dozier,brian,572821,dozib001,doziebr01,9810,2012,2020
freeman,sam,518693,frees001,freemsa01,6832,2012,2020
marisnick,jake,545350,marij002,marisja01,11339,2013,2023
karros,kyle,691720,karrk001,karroky01,-1,2025,2025
rasmus,colby,458675,rasmc001,rasmuco01,9893,2009,2018
brown,seth,664913,brows003,brownse01,18171,2019,2025
garrett,amir,607237,garra001,garream01,14375,2017,2024
bader,harrison,664056,badeh001,baderha01,18030,2017,2025
clase,jonatan,682729,clasj001,clasejo01,-1,2024,2025
banfield,will,677943,banfw001,banfiwi01,-1,2025,2025
blach,ty,621389,blact002,blachty01,14361,2016,2024
cabrera,asdrúbal,452678,cabra002,cabreas01,4962,2007,2021
bohm,alec,664761,bohma001,bohmal01,21618,2020,2025
walker,jordan,691023,walkj003,walkejo02,27475,2023,2025
neto,zach,687263,netoz001,netoza01,31347,2023,2025
evans,phillip,595943,evanp001,evansph01,12950,2017,2021
brault,steven,643230,braus002,braulst01,15291,2016,2022
collmenter,josh,518567,collj001,collmjo01,7312,2011,2017
erlin,robbie,572362,erlir001,erlinro01,10354,2013,2022
bauers,jake,641343,bauej001,bauerja01,15194,2018,2025
gray,tristan,656484,grayt001,graytr01,19877,2023,2025
pérez,eury,516811,peree003,perezeu01,10299,2012,2015
herrmann,chris,543302,herrc001,herrmch01,9284,2012,2019
bride,jonah,681146,bridj001,bridejo01,24703,2022,2025
luzardo,jesús,666200,luzaj001,luzarje01,19959,2019,2025
howard,ryan,429667,howar001,howarry01,2154,2004,2016
hensley,david,682073,hensd002,henslda01,25111,2022,2024
anderson,brett,474463,andeb004,anderbr04,8223,2009,2021
riley,austin,663586,rilea001,rileyau01,18360,2019,2025
walker,taijuan,592836,walkt004,walketa01,11836,2013,2025
valencia,danny,502143,valed001,valenda01,6364,2010,2018
lipscomb,trey,702358,lipst001,lipsctr01,31567,2024,2025
stubbs,drew,453211,stubd001,stubbdr01,9328,2009,2017
buehler,walker,621111,buehw001,buehlwa01,19374,2017,2025
adrianza,ehire,501303,adrie001,adriaeh01,8418,2013,2024
urías,luis,649966,urial001,uriaslu01,16622,2018,2025
friedrich,christian,543184,friec001,friedch01,7942,2012,2016
kim,kwang hyun,547942,kim-k001,kimkw01,27458,2020,2021
alvarez,eddy,657193,alvae001,alvared01,16959,2020,2024
roark,tanner,543699,roart001,roarkta01,8753,2013,2021
wood,james,695578,woodj004,woodja03,-1,2024,2025
kim,hyun soo,547957,kim-h001,kimhy01,18718,2016,2017
lópez,alejo,664670,lopea005,lopezal03,21127,2021,2023
castro,jason,488771,castj006,castrja01,8722,2010,2022
stephens,jackson,623451,stepj002,stephja01,14420,2017,2024
buss,nick,502544,bussn001,bussni01,6835,2013,2016
rivas,webster,593590,rivaw001,rivaswe01,14636,2021,2021
tucker,cole,657061,tuckc001,tuckeco01,17326,2019,2024
swihart,blake,596119,swihb001,swihabl01,13176,2015,2019
kontos,george,502004,kontg001,kontoge01,9486,2011,2018
taylor,tyrone,621438,taylt002,tayloty01,13675,2019,2025
coghlan,chris,458085,coghc001,coghlch01,6878,2009,2017
zavala,seby,664874,zavas001,zavalse01,18887,2019,2024
votto,joey,458015,vottj001,vottojo01,4314,2007,2023
jaso,john,444379,jasoj001,jasojo01,5887,2008,2017
guerrero,alex,648717,guera001,guerral01,15670,2014,2015
almonte,abraham,501659,almoa001,almonab01,5486,2013,2023
stroman,marcus,573186,strom001,stromma01,13431,2014,2025
anderson,ian,666120,andei001,anderia01,19951,2020,2025
rafaela,ceddanne,678882,rafac001,rafaece01,24262,2023,2025
mcneil,jeff,643446,mcnej002,mcneije01,15362,2018,2025
caminero,junior,691406,camij001,caminju01,28163,2023,2025
reed,a. j.,607223,reeda002,reedaj01,16246,2016,2019
querecuto,juniel,578570,querj001,quereju01,12140,2016,2023
la stella,tommy,600303,lastt001,lasteto01,12371,2014,2023
nix,jacob,656798,nix-j002,nixja02,17775,2018,2018
gibson,kyle,502043,gibsk002,gibsoky01,10123,2013,2025
rivas,leo,660844,rival002,rivasle01,-1,2024,2025
walton,donovan,622268,waltd002,waltodo01,19314,2019,2025
white,evan,657108,white005,whiteev01,20078,2020,2021
dorn,danny,457760,dornd001,dornda01,1050,2015,2015
hood,destin,543329,hoodd001,hoodde01,9887,2016,2016
nicholas,brett,592592,nichb001,nichobr01,11192,2016,2017
goins,ryan,572365,goinr001,goinsry01,9807,2013,2020
olivera,héctor,493343,olivh001,olivehe01,17528,2015,2016
musgrove,joe,605397,musgj001,musgrjo01,12970,2016,2024
floro,dylan,571670,flord002,florody01,13394,2016,2024
velázquez,nelson,676369,velan001,velazne01,23359,2022,2024
garcía,adonis,611177,garca004,garciad01,13777,2015,2017
ramírez,alexei,493351,ramia003,ramiral03,5133,2008,2016
canario,alexander,672744,canaa001,canaral01,22842,2023,2025
centeno,juan,518542,centj001,centeju01,7168,2013,2019
williams,jackson,519425,willj005,willija01,8524,2014,2015
moncada,yoán,660162,moncy001,moncayo01,17232,2016,2025
bruihl,justin,677865,bruij001,bruihju01,23779,2021,2025
brugman,jaycob,595144,brugj001,brugmja01,14936,2017,2017
keaschall,luke,807712,keasl001,keasclu01,-1,2025,2025
crow-armstrong,pete,691718,crowp001,crowape01,27769,2023,2025
byrd,marlon,407781,byrdm001,byrdma01,950,2002,2016
garcía,jarlín,606424,garcj006,garcija04,18282,2017,2022
brantley,michael,488726,branm003,brantmi02,4106,2009,2023
acuña,luisangel,682668,acunl001,acunajo01,-1,2024,2025
sánchez,gary,596142,sancg002,sanchga02,11442,2015,2025
pauley,graham,688363,paulg001,paulegr01,31363,2024,2025
pineda,michael,501381,pinem001,pinedmi01,5372,2011,2022
joseph,caleb,543376,josec002,josepca01,7087,2014,2020
escobar,eduardo,500871,escoe001,escobed01,6153,2011,2023
apostel,sherten,665947,aposs001,apostsh01,21794,2020,2020
friedl,tj,670770,friet001,friedtj01,19522,2021,2025
gonzález,severino,605894,gonzs001,gonzase01,14697,2015,2016
ross,david,424325,rossd001,rossda01,1551,2002,2016
melton,jacob,689200,meltj001,meltoja01,-1,2025,2025
mahle,tyler,641816,mahlt001,mahlety01,16358,2017,2025
kohlwey,taylor,670128,kohlt001,kohlwta01,19212,2023,2023
raleigh,cal,663728,ralec001,raleica01,21534,2021,2025
degrom,jacob,594798,degrj001,degroja01,10954,2014,2025
garver,mitch,641598,garvm001,garvemi01,15161,2017,2025
williams,nick,608384,willn001,willini01,14330,2017,2021
ríos,alex,425567,riosa002,riosal01,2090,2004,2015
segedin,rob,574847,seger001,segedro01,11446,2016,2017
nido,tomás,621512,nidot001,nidoto01,13755,2017,2025
smith,kevin,675656,smitk003,smithke05,20242,2021,2024
rodríguez,ronny,500135,rodrr009,rodriro03,11875,2018,2019
guerrero,vladimir,665489,guerv002,guerrvl02,19611,2019,2025
baker,darren,671117,baked003,bakerda02,-1,2024,2024
camargo,jair,665856,camaj002,camarja01,-1,2024,2024
deichmann,greg,656364,deicg001,deichgr01,19872,2021,2021
hendricks,kyle,543294,hendk001,hendrky01,12049,2014,2025
carp,mike,455077,carpm001,carpmi01,7480,2009,2014
saggese,thomas,695336,saggt001,saggeth01,-1,2024,2025
luciano,marco,682617,lucim001,luciama01,25616,2023,2024
montas,frankie,593423,montf001,montafr02,14309,2015,2025
tocci,carlos,624636,toccc001,toccica01,14558,2018,2018
mikolas,miles,571945,mikom001,mikolmi01,9803,2012,2025
taylor,samad,669392,tayls003,taylosa04,22274,2023,2025
janish,paul,457926,janip001,janispa01,7412,2008,2017
alexander,scott,518397,alexs001,alexasc02,10591,2015,2025
reid-foley,sean,656887,reids001,reidfse01,17034,2018,2024
tauchman,mike,643565,taucm001,tauchmi01,15274,2017,2025
den dekker,matt,544925,dendm001,dendema01,11385,2013,2018
burleson,alec,676475,burla001,burleal01,27615,2022,2025
fielder,prince,425902,fielp001,fieldpr01,4613,2005,2016
mancini,trey,641820,manct001,mancitr01,15149,2016,2023
hannemann,jacob,595238,hannj002,hanneja01,15644,2017,2017
muller,kyle,666205,mullk001,mulleky01,20167,2021,2024
marmolejos,josé,592530,marmj001,marmojo01,15767,2020,2021
hiura,keston,669374,hiurk001,hiurake01,20003,2019,2025
lindor,francisco,596019,lindf001,lindofr01,12916,2015,2025
valdez,enmanuel,665839,valde002,valdeen01,21716,2023,2025
castillo,rusney,628329,castr004,castiru02,17016,2014,2016
ngoepe,gift,547912,ngoeg001,ngoepgi01,10340,2017,2018
robertson,daniel,621002,robed004,roberda10,14145,2017,2021
navarreto,brian,640459,navab001,navarbr01,16398,2020,2025
gomes,jonny,430404,gomej001,gomesjo01,1845,2003,2015
castro,harold,605612,casth001,castrha01,14691,2018,2023
simon,ronny,682927,simor002,simonro01,-1,2025,2025
loftin,nick,679845,loftn001,loftini01,27630,2023,2025
driscoll,logan,686482,drisl001,drisclo01,-1,2024,2024
o'keefe,brian,657247,okeeb001,okeefbr01,16680,2022,2023
ruggiano,justin,448605,ruggj001,ruggiju01,7620,2007,2017
broxton,keon,542979,broxk001,broxtke01,9253,2015,2019
clemens,paul,518560,clemp002,clemepa02,8037,2013,2016
mayfield,jack,608686,mayfj001,mayfija01,15402,2019,2022
thames,eric,519346,thame001,thameer01,3711,2011,2020
bostick,christopher,607471,bostc001,bostich01,13718,2017,2018
buchanan,david,571527,buchd001,buchada01,11176,2014,2024
taillon,jameson,592791,tailj001,taillja01,11674,2016,2025
shaw,chris,622046,shawc001,shawch01,17738,2018,2019
downs,jeter,669023,downj001,downsje01,22202,2022,2023
tejeda,anderson,660731,tejea001,tejedan01,19909,2020,2021
dyson,jarrod,502481,dysoj001,dysonja01,4866,2010,2021
russell,addison,608365,russa002,russead02,14106,2015,2019
rusin,chris,543734,rusic001,rusinch01,9895,2012,2020
pache,cristian,665506,pachc001,pachecr01,19948,2020,2024
bieber,shane,669456,biebs001,biebesh01,19427,2018,2025
godley,zack,643327,godlz001,godleza01,14862,2015,2021
cabbage,trey,663550,cabbt001,cabbatr01,21078,2023,2024
lambo,andrew,518911,lamba001,lamboan01,5386,2013,2016
susac,andrew,572180,susaa001,susacan01,13132,2014,2020
weathers,ryan,677960,weatr001,weathry01,23796,2021,2025
jimenez,leo,677870,jimel003,jimenle01,-1,2024,2025
santiago,héctor,502327,santh001,santihe01,4026,2011,2021
gurriel,yuli,493329,gurry001,gourryu01,19198,2016,2025
williams,carson,700246,willc002,willica02,-1,2025,2025
odor,rougned,596059,odorr001,odorro01,12282,2014,2023
harris,brett,695391,harrb002,harribr02,-1,2024,2025
frazier,clint,640449,frazc001,frazicl01,15983,2017,2023
elko,tim,671284,elkot001,elkoti01,-1,2025,2025
lin,tzu-wei,624407,lin-t001,lintz02,14678,2017,2021
blanco,grégor,453923,blang001,blancgr01,3123,2008,2018
young,andrew,670370,youna003,youngan02,19521,2020,2021
castellanos,alex,543008,casta003,casteal01,7223,2012,2013
neuse,sheldon,641914,neuss001,neusesh01,19635,2019,2022
alcántara,sergio,642727,alcas002,alcanse01,16417,2020,2025
margot,manuel,622534,margm001,margoma01,14712,2016,2025
stevenson,cal,670276,stevc001,steveca01,22411,2022,2025
graterol,brusdar,660813,gratb002,gratebr01,20367,2019,2024
hanson,alen,593700,hansa001,hansoal01,12926,2016,2019
bour,justin,571506,bourj002,bourju01,9744,2014,2019
voit,luke,572228,voitl001,voitlu01,14811,2017,2023
robinson,chuckie,642020,robic003,robinch04,19824,2022,2025
ballesteros,moisés,694208,ballm001,ballemo01,-1,2025,2025
belt,brandon,474832,beltb001,beltbr01,10264,2011,2023
bannon,rylan,676625,bannr001,bannory01,19768,2022,2023
canó,robinson,429664,canor001,canoro01,3269,2005,2022
senger,hayden,663584,sengh001,sengeha01,-1,2025,2025
d'arnaud,chase,488818,darnc001,darnach01,6652,2011,2018
eibner,brett,518649,eibnb001,eibnebr01,11369,2016,2020
hudson,dakota,641712,hudsd002,hudsoda02,19206,2018,2024
reyes,franmil,614177,reyef001,reyesfr01,14566,2018,2023
webb,logan,657277,webbl001,webblo01,17995,2019,2025
romero,stefen,552662,romes001,romerst01,11746,2014,2016
cave,jake,595909,cavej001,caveja01,14477,2018,2024
baddoo,akil,668731,badda001,baddoak01,22168,2021,2025
cain,matt,430912,cainm001,cainma01,4732,2005,2017
brennan,will,686823,brenw002,brennwi02,25660,2022,2025
davis,jonathan,641505,davij007,davisjo05,15104,2018,2023
sardiñas,luis,596143,sardl001,sardilu01,13153,2014,2018
garcía,luis,472610,garcl005,garcilu03,6984,2013,2025
tomlin,josh,458708,tomlj001,tomlijo01,9388,2010,2021
rivera,rené,425784,river003,riverre01,3648,2004,2021
williams,trevor,592866,willt002,willitr01,16977,2016,2025
rivero,carlos,491640,rivec002,riverca02,1136,2014,2014
read,raudy,600466,readr002,readra01,15766,2017,2019
smolinski,jake,519295,smolj002,smolija01,5408,2014,2018
frazier,todd,453943,frazt001,frazito01,785,2011,2021
fontana,nolan,545337,fontn001,fontano01,13267,2017,2018
wood,blake,502028,woodb004,woodbl01,1345,2010,2018
featherston,taylor,605227,featt001,feathta01,12590,2015,2017
céspedes,yoenis,493316,cespy001,cespeyo01,13110,2012,2020
montero,rafael,606160,montr004,montera01,12760,2014,2025
bernard,wynton,592144,bernw001,bernawy01,13408,2022,2022
wallace,brett,477165,wallb001,wallabr01,8434,2010,2016
mckenna,ryan,663630,mcker001,mckenry01,19928,2021,2024
ramírez,harold,623912,ramih004,ramirha02,14387,2019,2024
o'grady,chris,622217,ograc001,ogradch01,13818,2017,2018
larnach,trevor,663616,larnt001,larnatr01,21501,2021,2025
rojas,josh,668942,rojaj001,rojasjo01,19734,2019,2025
frazier,adam,624428,fraza001,fraziad01,15223,2016,2025
arroyo,bronson,276520,arrob001,arroybr01,978,2000,2017
kendrick,kyle,452718,kendk001,kendrky01,6230,2007,2017
hwang,jae-gyun,666561,hwanj001,hwangja01,19369,2017,2017
duggar,steven,621453,duggs001,duggast01,17719,2018,2022
mathis,jeff,425772,mathj001,mathije01,3448,2005,2021
grisham,trent,663757,grist001,grishtr01,18564,2019,2025
montgomery,colson,695657,montc004,montgco01,-1,2025,2025
lollis,ryan,489067,lollr001,lolliry01,6623,2015,2015
schmitt,casey,669477,schmc003,schmica01,27577,2023,2025
pérez,carlos,656024,perec005,perezca03,20805,2022,2023
mchugh,collin,543521,mchuc001,mchugco01,7531,2012,2023
rivero,sebastián,665861,rives002,riverse01,21735,2021,2025
vargas,jason,450306,vargj001,vargaja01,8044,2005,2019
syndergaard,noah,592789,syndn001,syndeno01,11762,2015,2023
murphy,sean,669221,murps001,murphse01,19352,2019,2025
peralta,jhonny,425509,peraj001,peraljh01,1738,2003,2017
de aza,alejandro,457477,deaza001,deazaal01,3371,2007,2017
smith,drew,622098,smitd009,smithdr01,17755,2018,2024
falu,irving,458252,falui001,faluir01,6165,2012,2014
semien,marcus,543760,semim001,semiema01,12533,2013,2025
davies,zach,605200,daviz001,davieza02,13183,2015,2023
martinez,orelvis,682619,marto002,martior01,-1,2024,2024
nieves,wil,408242,nievw001,nievewi01,1556,2002,2015
lee,brooks,686797,lee-b002,leebr02,-1,2024,2025
de jong,chase,608328,dejoc001,dejonch01,15036,2017,2023
mckenry,michael,502374,mckem001,mckenmi01,9628,2010,2016
hicks,aaron,543305,hicka001,hicksaa01,5297,2013,2024
ross,joe,605452,rossj002,rossjo01,12972,2015,2025
nola,austin,543592,nolaa002,nolaau01,15941,2019,2025
pérez,salvador,521692,peres002,perezsa02,7304,2011,2025
joseph,corban,543377,josec001,josepco01,5503,2013,2019
gray,sonny,543243,grays001,grayso01,12768,2013,2025
lobatón,josé,446653,lobaj001,lobatjo01,4243,2009,2021
greene,shane,572888,grees005,greensh02,10756,2014,2023
mccormick,chas,676801,mccoc001,mccorch01,19599,2021,2025
avery,xavier,542897,averx001,averyxa01,8471,2012,2012
jennings,desmond,457775,jennd002,jennide01,1965,2010,2016
pérez,williams,554234,perew001,perezwi01,11592,2015,2016
jones,taylor,622100,jonet005,jonesta01,19533,2020,2022
springer,george,543807,sprig001,springe01,12856,2014,2025
smith,kevan,607345,smitk002,smithke04,12284,2016,2021
martin,jason,641829,martj009,martija03,16429,2019,2021
maile,luke,571912,maill001,mailelu01,13355,2015,2025
díaz,elías,553869,diaze005,diazel01,11680,2015,2025
coleman,dusty,543038,coled002,colemdu01,8979,2015,2017
cron,c. j.,543068,cronc002,croncj01,12546,2014,2023
bishop,braden,623323,bishb001,bishobr01,17806,2019,2021
english,tristin,663536,englt001,englitr01,-1,2025,2025
myers,wil,571976,myerw001,myerswi01,10047,2013,2023
benson,will,666181,bensw001,bensowi01,21853,2022,2025
márquez,germán,608566,marqg001,marquge01,15038,2016,2025
short,zack,670097,shorz001,shortza01,19562,2021,2025
robertson,will,683770,robew002,roberwi02,-1,2025,2025
holland,derek,502706,holld003,hollade01,4141,2009,2021
murphy,david,461815,murpd005,murphda07,6035,2006,2015
tapia,raimel,606132,tapir001,tapiara01,14350,2016,2023
raburn,ryan,430605,rabur001,raburry01,2218,2004,2017
maldonado,martín,455117,maldm001,maldoma01,6887,2011,2025
perdomo,geraldo,672695,perdg001,perdoge01,22799,2021,2025
mitchell,garrett,669003,mitcg001,mitchga01,27555,2022,2025
holt,tyler,534627,holtt001,holtty01,11391,2014,2016
gausman,kevin,592332,gausk001,gausmke01,14107,2013,2025
thomas,lane,657041,thoml002,thomala02,16939,2019,2025
robles,víctor,645302,roblv001,roblevi01,18363,2017,2025
butera,drew,460077,buted001,buterdr01,3411,2010,2021
lake,junior,516809,lakej001,lakeju01,4672,2013,2016
candelario,jeimer,600869,candj002,candeje01,13621,2016,2025
ramírez,agustín,682663,ramia004,ramirag01,-1,2025,2025
kubitza,kyle,605323,kubik001,kubitky01,12148,2015,2015
young,jared,676724,younj003,youngja02,20404,2022,2025
ramírez,j. c.,500724,ramij002,ramirjc01,8302,2013,2019
niese,jonathon,477003,niesj001,niesejo01,4424,2008,2016
wilson,jacob,805779,wilsj006,wilsoja05,33266,2024,2025
vincej,zach,572227,vincz001,vinceza01,13269,2017,2018
stamets,eric,608715,stame001,stameer01,13795,2019,2019
avans,drew,682183,avand001,avansdr01,-1,2025,2025
zimmerman,ryan,475582,zimmr001,zimmery01,4220,2005,2021
reed,michael,605439,reedm001,reedmi02,13228,2015,2019
vaughn,andrew,683734,vauga001,vaughan01,26197,2021,2025
delgado,randall,517414,delgr001,delgara01,5985,2011,2018
isbel,kyle,664728,isbek001,isbelky01,21614,2021,2025
maton,nick,665155,maton001,matonni01,21635,2021,2025
kluber,corey,446372,klubc001,klubeco01,2429,2011,2023
wood,alex,622072,wooda002,woodal02,13781,2013,2024
rodríguez,johnathan,671286,rodrj009,rodrijo10,-1,2024,2025
amaya,jacob,676070,amayj001,amayaja01,23296,2023,2025
o'hoppe,logan,681351,ohopl001,ohopplo01,24729,2022,2025
de los santos,luis,665782,delol003,deloslu03,-1,2024,2024
alford,anthony,546990,alfoa002,alforan01,14329,2017,2022
duda,lucas,446263,dudal001,dudalu01,2502,2010,2019
cabrera,miguel,408234,cabrm001,cabremi01,1744,2003,2023
hammel,jason,434628,hammj002,hammeja01,4538,2006,2018
hummel,cooper,669450,hummc001,hummeco01,19458,2022,2025
cook,billy,695257,cookb002,cookbi01,-1,2024,2025
arihara,kohei,685503,arihk001,arihako01,27505,2021,2022
farmer,kyle,571657,farmk001,farmeky01,14813,2017,2025
beede,tyler,595881,beedt001,beedety01,16981,2018,2024
newcomb,sean,656794,newcs001,newcose01,16943,2017,2025
celestino,gilberto,665482,celeg001,celesgi01,20233,2021,2022
gerber,mike,595222,gerbm001,gerbemi01,16115,2018,2019
gurriel,lourdes,666971,gurrl001,gurrilo01,19238,2018,2025
naquin,tyler,571980,naqut001,naquity01,13359,2016,2023
lopez,otto,672640,lopeo001,lopezot01,19608,2021,2025
hudson,tim,218596,hudst001,hudsoti01,921,1999,2015
welker,colton,666213,welkc001,welkeco01,19961,2021,2021
cease,dylan,656302,ceasd001,ceasedy01,18525,2019,2025
burger,jake,669394,burgj001,burgeja01,22275,2021,2025
marte,jefry,527043,martj007,marteje01,5107,2015,2018
sale,chris,519242,salec001,salech01,10603,2010,2025
oliva,jared,666931,olivj003,olivaja01,19968,2020,2021
iannetta,chris,455104,iannc001,iannech01,8267,2006,2019
waters,drew,671221,wated001,waterdr01,20505,2022,2025
bourn,michael,456422,bourm001,bournmi01,6387,2006,2016
smith,seth,452234,smits002,smithse01,7331,2007,2017
duvall,adam,594807,duvaa001,duvalad01,10950,2014,2024
salazar,danny,517593,salad001,salazda01,5867,2013,2019
keller,brad,641745,kellb003,kellebr01,15734,2018,2025
bae,ji hwan,678225,bae-j001,baeji01,23818,2022,2025
gonzalez,romy,663853,gonzr003,gonzaro01,21562,2021,2025
rupp,cameron,519237,ruppc001,ruppca01,11146,2013,2017
kessinger,grae,666197,kessg001,kessigr01,25813,2023,2024
paredes,isaac,670623,parei001,paredis01,20036,2020,2025
brantly,rob,542963,branr002,brantro01,10655,2012,2025
suárez,eugenio,553993,suare001,suareeu01,12552,2014,2025
jung,jace,690291,jungj002,jungja01,-1,2024,2025
brignac,reid,458582,brigr001,brignre01,8380,2008,2016
robert,luis,673357,robel002,roberlu01,20043,2020,2025
barnes,austin,605131,barna001,barneau01,12158,2015,2025
narváez,omar,553882,narvo001,narvaom01,13338,2016,2025
ventura,yordano,570649,venty001,ventuyo01,11855,2013,2016
santana,domingo,570267,santd002,santado01,10348,2014,2020
rogers,trevor,669432,roget003,rogertr01,22286,2020,2025
rodriguez,alex,121347,rodra001,rodrial01,1274,1994,2016
conine,griffin,665052,conig001,coningr01,-1,2024,2025
schrock,max,621011,schrm001,schroma01,17750,2020,2022
bruján,vidal,660644,brujv001,brujavi01,20536,2021,2025
heineman,scott,595981,heins001,heinesc01,14453,2019,2021
jones,jahmai,663330,jonej007,jonesja08,18872,2020,2025
aranda,jonathan,666018,aranj001,arandjo01,21837,2022,2025
garcía,jaime,448802,garcj004,garcija02,8137,2008,2018
colás,oscar,693049,colao001,colasos01,30162,2023,2024
bleday,jj,668709,bledj001,bledajj01,26368,2022,2025
allen,austin,664119,allea001,allenau01,18083,2019,2022
pivetta,nick,601713,piven001,pivetni01,15454,2017,2025
nottingham,jacob,641924,nottj001,nottija01,16448,2018,2021
villanueva,carlos,453646,villc001,villaca01,4138,2006,2016
swanson,dansby,621020,swand001,swansda01,18314,2016,2025
stott,bryson,681082,stotb001,stottbr01,26294,2022,2025
merrifield,whit,593160,merrw001,merriwh01,11281,2016,2024
del castillo,adrian,680728,delca001,delcaad01,-1,2024,2025
graves,brett,605255,gravb001,gravebr01,16218,2018,2018
maybin,cameron,457727,maybc001,maybica01,5223,2007,2021
hamilton,josh,285078,hamij003,hamiljo03,1875,2007,2015
ramos,heliot,671218,ramoh002,ramoshe02,22515,2022,2025
eickhoff,jerad,595191,eickj001,eickhje01,12664,2015,2022
blanks,kyle,452035,blank002,blankky01,49,2009,2015
lamarre,ryan,534606,lamar001,lamarry01,10700,2015,2021
ceciliani,darrell,571553,cecid001,cecilda01,9954,2015,2017
castillo,welington,456078,castw002,castiwe01,3256,2010,2019
harper,bryce,547180,harpb003,harpebr03,11579,2012,2025
difo,wilmer,594694,difow001,difowi01,14320,2015,2022
ludwick,ryan,407886,ludwr001,ludwiry01,1260,2002,2014
trumbo,mark,444432,trumm001,trumbma01,6876,2010,2019
adames,willy,642715,adamw002,adamewi01,15986,2018,2025
ahmed,nick,605113,ahmen001,ahmedni01,12147,2014,2025
kennedy,ian,453178,kenni001,kenneia01,6986,2007,2023
segura,jean,516416,seguj002,segurje01,5933,2012,2023
álvarez,dariel,645848,alvad002,alvarda02,15580,2015,2016
avilán,luis,501593,avill001,avilalu01,2882,2012,2021
andrus,elvis,462101,andre001,andruel01,8709,2009,2023
tomlinson,kelby,605509,tomlk001,tomlike01,13005,2015,2018
pennington,cliff,460060,pennc001,pennicl01,3395,2008,2018
herrera,odúbel,546318,herro001,herreod01,11476,2015,2022
story,trevor,596115,stort001,storytr01,12564,2016,2025
naylor,josh,647304,naylj001,naylojo01,18839,2019,2025
hellickson,jeremy,476451,hellj001,hellije01,4371,2010,2019
bloomquist,willie,217100,bloow001,bloomwi01,1066,2002,2015
court,ryan,606956,courr001,courtry01,12268,2019,2019
jansen,kenley,445276,jansk001,janseke01,3096,2010,2025
báez,javier,595879,baezj001,baezja01,12979,2014,2025
perkins,cameron,573088,perkc001,perkica01,13444,2017,2017
o'malley,shawn,502523,omals001,omallsh01,9629,2014,2016
ackley,dustin,554429,ackld001,ackledu01,10099,2011,2016
mastroianni,darin,518991,mastd002,mastrda01,7316,2011,2016
kepler,max,596146,keplm001,keplema01,12144,2015,2025
sogard,eric,519299,sogae001,sogarer01,7927,2010,2021
singleton,jon,572138,singj001,singljo02,10441,2014,2025
pill,tyler,543652,pillt001,pillty01,12751,2017,2017
noel,jhonkensy,678877,noelj001,noeljh01,-1,2024,2025
stefanic,michael,683021,stefm001,stefami01,25353,2022,2025
montgomery,jordan,656756,montj004,montgjo01,16511,2017,2024
peraza,josé,606299,peraj003,perazjo01,13593,2015,2021
harris,michael,671739,harrm004,harrimi04,25931,2022,2025
heisey,chris,502317,heisc001,heisech01,3978,2010,2017
alcántara,sandy,645261,alcas001,alcansa01,18684,2017,2025
bautista,josé,430832,bautj002,bautijo02,1887,2004,2018
acosta,maximo,691185,acosm002,acostma02,-1,2025,2025
bart,joey,663698,bartj003,bartjo01,21524,2020,2025
muncy,max,691777,muncm002,muncyma02,-1,2025,2025
mayo,coby,691723,mayoc001,mayoco01,-1,2024,2025
canha,mark,592192,canhm001,canhama01,11445,2015,2025
velasquez,vince,592826,velav001,velasvi01,11189,2015,2023
gregorius,didi,544369,gregd001,gregodi01,6012,2012,2022
prado,martín,445988,pradm001,pradoma01,3312,2006,2019
peters,dillon,596071,peted001,peterdi01,18790,2017,2022
busch,michael,683737,buscm003,buschmi02,26319,2023,2025
reynolds,mark,448602,reynm001,reynoma01,7619,2007,2019
lopes,tim,621005,lopet001,lopesti01,14137,2019,2021
bumgarner,madison,518516,bumgm001,bumgama01,5524,2009,2023
calhoun,kole,594777,calhk001,calhoko01,11200,2012,2023
happ,ian,664023,happi001,happia01,17919,2017,2025
pederson,joc,592626,pedej001,pederjo01,11899,2014,2025
palka,daniel,594953,palkd001,palkada01,14897,2018,2019
acuña,ronald,660670,acunr001,acunaro01,18401,2018,2025
bailey,homer,456701,bailh001,baileho02,8362,2007,2020
taveras,leody,665750,tavel001,taverle01,18900,2020,2025
fermín,josé,665877,fermj001,fermijo01,21746,2023,2025
jankowski,travis,608671,jankt001,jankotr01,13768,2015,2025
desmond,ian,435622,desmi001,desmoia01,6885,2009,2019
maciver,willie,680862,maciw001,macivwi01,-1,2025,2025
gallo,joey,608336,gallj002,gallojo01,14128,2015,2024
flande,yohan,456071,flany001,flandyo01,5057,2014,2016
sweeney,trey,700242,sweet001,sweentr01,-1,2024,2025
batten,matthew,676946,battm001,battema01,20157,2022,2024
walding,mitch,605520,waldm001,waldimi01,13006,2018,2019
eaton,nate,681987,eaton001,eatonna01,25055,2022,2025
kingham,nick,592468,kingn001,kinghni01,11694,2018,2019
paris,kyren,677347,parik002,parisky01,26420,2023,2025
slater,austin,596103,slata001,slateau01,16153,2017,2025
sánchez,aníbal,434671,sanca004,sanchan01,3284,2006,2022
peralta,david,444482,perad001,peralda01,2136,2014,2024
rivera,yadiel,592680,rivey001,riverya01,11863,2015,2020
petit,gregorio,463610,petig001,petitgr01,3812,2008,2018
zunino,mike,572287,zunim001,zuninmi01,13265,2013,2023
tolleson,steven,476270,tolls001,tollest01,4450,2010,2015
garcia,aramis,605244,garca006,garciar01,16925,2018,2025
heineman,tyler,623168,heint001,heinety01,13897,2019,2025
sabol,blake,666165,sabob001,sabolbl01,25805,2023,2025
hernández,marco,593523,hernm003,hernama02,13154,2016,2019
ferguson,caleb,657571,fergc001,ferguca01,19349,2018,2025
herrmann,frank,497807,herrf001,herrmfr01,7960,2010,2016
kiner-falefa,isiah,643396,kinei001,kineris01,16512,2018,2025
wheeler,zack,554430,wheez001,wheelza01,10310,2013,2025
romano,sal,607219,romas001,romansa01,13690,2017,2021
huff,sam,669087,huffs001,huffsa01,22209,2020,2025
solano,donovan,456781,solad001,solando01,8623,2012,2025
mckinney,billy,641856,mckib001,mckinbi01,15654,2018,2025
eden,cam,686490,edenc001,edenca01,25476,2023,2023
barreto,franklin,620439,barrf001,barrefr02,15519,2017,2020
stokes,troy,657011,stokt001,stoketr01,17478,2021,2021
martín,leonys,547982,martl004,martile01,11846,2011,2019
hedges,austin,595978,hedga001,hedgeau01,12976,2015,2025
núñez,eduardo,456488,nunee002,nunezed02,6848,2010,2020
nolasco,ricky,445060,nolar001,nolasri01,3830,2006,2017
denorfia,chris,456121,denoc001,denorch01,4400,2005,2015
gonzález,adrián,408236,gonza003,gonzaad01,1908,2004,2018
okey,chris,608360,okeyc001,okeych01,19245,2022,2023
moreland,mitch,519048,morem001,morelmi01,3086,2010,2021
rivera,emmanuel,656896,rivee001,riverem01,19890,2021,2025
thompson,bubba,669352,thomb003,thompbu01,22261,2022,2024
avelino,abiatal,623214,avela001,aveliab01,15496,2018,2019
lavarnway,ryan,543432,lavar001,lavarry01,8879,2011,2021
escobar,alcides,444876,escoa003,escobal02,6310,2008,2022
india,jonathan,663697,indij001,indiajo01,21523,2021,2025
hinds,rece,677956,hindr001,hindsre01,-1,2024,2025
cole,gerrit,543037,coleg001,colege01,13125,2013,2024
hill,derek,656537,hilld002,hillde01,16947,2020,2025
fister,doug,450729,fistd001,fistedo01,9425,2009,2018
matos,luis,682641,matol002,matoslu02,26467,2023,2025
ponce de leon,daniel,594965,poncd001,ponceda01,16110,2018,2021
alberto,hanser,593643,albeh001,alberha01,11902,2015,2023
flowers,tyler,452095,flowt001,flowety01,9134,2009,2020
stripling,ross,548389,strir001,stripro01,13273,2016,2024
bundy,dylan,605164,bundd001,bundydy01,12917,2012,2022
knapp,andrew,595284,knapa001,knappan01,14942,2017,2024
gonzález,erik,570481,gonze004,gonzaer01,13369,2016,2022
encarnacion-strand,christian,687952,encac001,encarch01,30011,2023,2025
sosa,lenyn,672820,sosal001,sosale01,22896,2022,2025
peacock,brad,502748,peacb001,peacobr01,5401,2011,2021
mckinstry,zach,656716,mckiz001,mckinza01,19392,2020,2025
pagán,ángel,434636,pagaa001,paganan01,2918,2006,2016
snider,travis,501983,snidt001,snidetr01,2830,2008,2015
davis,j. d.,605204,davij006,davisjd01,16219,2017,2025
mccusker,carson,676812,mccuc001,mccusca01,-1,2025,2025
white,tyler,643603,whitt002,whitety01,15564,2016,2019
ravin,josh,502051,ravij001,ravinjo01,2951,2015,2018
seigler,anthony,678011,seiga001,seiglan01,-1,2025,2025
arozarena,randy,668227,arozr001,arozara01,19290,2019,2025
dalbec,bobby,666915,dalbb001,dalbebo01,19966,2020,2025
diaz,jordan,672478,diazj008,diazjo03,22650,2022,2023
hernandez,elier,609274,herne003,hernael02,13750,2022,2022
rosenthal,trevor,572096,roset001,rosentr01,10745,2012,2020
wells,austin,669224,wella002,wellsau01,27562,2023,2025
locke,jeff,502046,lockj001,lockeje01,2929,2011,2017
verhagen,drew,572403,verhd001,verhadr01,13424,2014,2023
toro,abraham,647351,toroa001,toroab01,19844,2019,2025
teixeira,mark,407893,teixm001,teixema01,1281,2003,2016
martini,nick,605361,martn003,martini02,12005,2018,2025
torreyes,ronald,591720,torrr001,torrero01,11400,2015,2021
davis,jaylin,664041,davij008,davisja03,19552,2019,2022
park,byung ho,666560,parkb002,parkby01,18497,2016,2016
smith-njigba,canaan,675986,smitc008,smithca05,23264,2022,2023
rodríguez,yorman,550298,rodry001,rodriyo01,9922,2014,2014
shaw,travis,543768,shawt001,shawtr01,11982,2015,2022
cain,lorenzo,456715,cainl001,cainlo01,9077,2010,2022
baxter,mike,488689,baxtm001,baxtemi01,4464,2010,2015
olson,matt,621566,olsom001,olsonma02,14344,2016,2025
paredes,jimmy,517370,parej002,paredji01,5481,2011,2016
hosmer,eric,543333,hosme001,hosmeer01,3516,2011,2023
heath,nick,670084,heatn002,heathni01,19577,2020,2021
lamb,john,543424,lambj002,lambjo02,8493,2015,2018
bautista,rafael,622441,bautr001,bautira01,15769,2017,2018
thole,josh,489365,tholj001,tholejo01,9689,2009,2016
mcbroom,ryan,643436,mcbrr001,mcbrory01,16524,2019,2021
caglianone,jac,695506,caglj001,caglija01,-1,2025,2025
capel,conner,668843,capec001,capelco01,19983,2022,2024
biddle,jesse,592145,biddj001,biddlje01,11437,2018,2021
hernández,teoscar,606192,hernt002,hernate01,13066,2016,2025
infante,omar,408299,infao001,infanom01,1609,2002,2016
starling,bubba,605490,starb001,starlbu01,13356,2019,2020
henry,payton,668721,henrp001,henrypa01,22164,2021,2022
adduci,jim,451192,adduj002,adducji02,6448,2013,2019
jung,josh,673962,jungj001,jungjo01,26299,2022,2025
schoop,jonathan,570731,schoj001,schoojo01,11265,2013,2023
marte,ketel,606466,martk001,marteke01,13613,2015,2025
mills,alec,621219,milla003,millsal02,13834,2016,2023
workman,gage,669398,workg001,workmga01,-1,2025,2025
montero,jesús,524968,montj003,monteje01,5514,2011,2015
white,mitch,669952,whitm004,whitemi03,19225,2020,2024
bradley,jackie,598265,bradj001,bradlja02,12984,2013,2023
blankenhorn,travis,663905,blant002,blanktr01,18395,2020,2024
wacha,michael,608379,wachm001,wachami01,14078,2013,2025
skole,matt,605474,skolm001,skolema01,12119,2018,2019
ruiz,keibert,660688,ruizk001,ruizke01,19610,2020,2025
solarte,yangervis,500208,solay001,solarya01,5352,2014,2019
vielma,engelb,622713,viele001,vielmen01,15481,2018,2018
parra,gerardo,467827,parrg001,parrage01,8553,2009,2021
meadows,parker,678009,meadp001,meadopa01,23800,2023,2025
basallo,samuel,694212,basas001,basalsa01,-1,2025,2025
yamamoto,jordan,657141,yamaj001,yamamjo01,17585,2019,2021
presley,alex,502100,presa001,preslal01,5305,2010,2017
groshans,jordan,677954,grosj001,groshjo01,23794,2022,2022
bauer,trevor,545333,bauet001,bauertr01,12703,2012,2021
smith,mallex,605480,smitm007,smithma05,13608,2016,2020
villanueva,christian,570799,villc002,villach01,11738,2017,2018
trammell,taylor,666211,tramt001,trammta01,19960,2021,2025
berríos,josé,621244,berrj001,berrijo01,14168,2016,2025
seymour,bob,676044,seymb001,seymobo01,-1,2025,2025
thomas,colby,687515,thomc005,thomaco03,-1,2025,2025
petit,yusmeiro,433589,petiy001,petityu01,4020,2006,2021
ladendorf,tyler,502285,ladet001,ladenty01,3211,2015,2021
sims,lucas,608371,simsl001,simslu01,13470,2017,2025
hurtubise,jacob,674441,hurtj001,hurtuja01,-1,2024,2025
peña,félix,570240,penaf002,penafe01,13403,2016,2021
fields,daniel,571665,field001,fieldda01,10390,2015,2015
rojas,johan,679032,rojaj003,rojasjo03,24336,2023,2025
mccarthy,jake,664983,mccaj003,mccarja02,21622,2021,2025
haggerty,sam,664059,haggs001,haggesa01,18054,2019,2025
mastrobuoni,miles,670156,mastm001,mastrmi01,20017,2022,2025
bradford,chase,607473,bradc002,bradfch02,12452,2017,2019
navarro,rey,519071,navar001,navarre01,6008,2015,2015
marchán,rafael,665561,marcr001,marchra01,21646,2020,2025
tucker,kyle,663656,tuckk001,tuckeky01,18345,2018,2025
noonan,nick,519082,noonn001,noonani01,6880,2013,2016
anderson,drew,623454,anded003,anderdr02,15130,2017,2021
descalso,daniel,518614,descd001,descada01,8392,2010,2019
johnson,reed,407862,johnr008,johnsre02,1702,2003,2015
markakis,nick,455976,markn001,markani01,5930,2006,2020
dubón,mauricio,643289,dubom001,dubonma01,16530,2019,2025
reddick,josh,502210,reddj001,reddijo01,3892,2009,2021
fried,max,608331,friem001,friedma01,13743,2017,2025
liriano,francisco,434538,lirif001,liriafr01,3201,2005,2019
carle,shane,641438,carls002,carlesh01,15258,2017,2019
bogaerts,xander,593428,bogax001,bogaexa01,12161,2013,2025
goodrum,niko,592348,goodn002,goodrni01,12092,2017,2024
lawrie,brett,543434,lawrb002,lawribr01,5247,2011,2016
smith,riley,642092,smitr005,smithri01,19826,2020,2021
carter,chris,474892,cartc002,cartech02,9911,2010,2017
forsythe,logan,523253,forsl001,forsylo01,7185,2011,2020
carpenter,kerry,681481,carpk001,carpeke01,25961,2022,2025
krauss,marc,571868,kraum001,krausma01,7577,2013,2015
alonso,yonder,475174,alony001,alonsyo01,2530,2010,2019
gómez,miguel,622497,gomem002,gomezmi01,17075,2017,2018
castano,daniel,641447,castd003,castada01,19805,2020,2023
palacios,joshua,641943,palaj001,palacjo01,19818,2021,2025
musgrave,harrison,643466,musgh001,musgrha01,16532,2018,2019
detwiler,ross,446321,detwr001,detwiro01,2859,2007,2022
hampson,garrett,641658,hampg001,hampsga01,19262,2018,2025
guthrie,jeremy,425386,guthj001,guthrje01,2072,2004,2017
clarke,taylor,664199,clart003,clarkta01,17611,2019,2025
kjerstad,heston,677008,kjerh001,kjershe01,31166,2023,2025
cameron,daz,663662,camed001,camerda01,18353,2020,2025
baty,brett,683146,batyb001,batybr01,26123,2022,2025
muñoz,yairo,622168,munoy001,munozya01,16313,2018,2022
garcía,dérmis,660650,garcd004,garcide02,20926,2022,2022
allen,brandon,450315,alleb001,allenbr01,7436,2009,2012
baldwin,brooks,681460,baldb001,baldwbr01,-1,2024,2025
harris,dustin,687957,harrd003,harridu01,-1,2024,2025
asuaje,carlos,641319,asuac001,asuajca01,15197,2016,2018
baker,luken,663609,bakel001,bakerlu01,21497,2023,2025
shaw,matt,807713,shawm002,shawma01,-1,2025,2025
kawasaki,munenori,493128,kawam001,kawasmu01,13047,2012,2016
givens,mychal,571710,givem001,givenmy01,10430,2015,2023
bernabel,warming,682653,bernw002,bernawa01,-1,2025,2025
cron,kevin,605196,cronk001,cronke01,16211,2019,2020
wiemer,joey,686894,wiemj001,wiemejo01,27690,2023,2025
crooks,jimmy,699625,crooj001,crookji01,-1,2025,2025
kayfus,c. j.,692216,kayfc001,kayfucj01,-1,2025,2025
altherr,aaron,571437,altha001,altheaa01,11270,2014,2019
machi,jean,466948,machj002,machije01,3220,2012,2017
matthews,brice,694728,mattb001,matthbr01,-1,2025,2025
valaika,pat,642162,valap001,valaipa01,14885,2016,2021
maxwell,justin,452239,maxwj002,maxweju01,6827,2007,2015
smith,will,669257,smitw003,smithwi05,19197,2019,2025
kipnis,jason,543401,kipnj001,kipnija01,9776,2011,2020
kelenic,jarred,672284,kelej001,kelenja01,22558,2021,2025
pujols,albert,405395,pujoa001,pujolal01,1177,2001,2022
ibáñez,andy,628451,ibana001,ibanean01,18819,2021,2025
polanco,gregory,570256,polag001,polangr01,12907,2014,2021
serven,brian,661531,servb001,servebr01,19422,2022,2024
quantrill,cal,615698,quanc001,quantca01,19312,2019,2025
rodríguez,endy,682848,rodre006,rodrien01,25332,2023,2025
pagés,pedro,686780,pagep001,pagespe02,-1,2024,2025
gordon,nick,624503,gordn001,gordoni01,16337,2021,2024
figueroa,cole,502676,figuc001,figueco01,8790,2014,2016
wade,lamonte,664774,wadel001,wadela01,18126,2019,2025
ortega,rafael,542364,orter001,ortegra01,10323,2012,2024
gearrin,cory,518715,gearc001,gearrco01,7947,2011,2020
butler,joey,542994,butlj002,butlejo04,7799,2013,2015
waldrop,kyle,592835,waldk002,waldrky02,11402,2015,2016
dejong,paul,657557,dejop001,dejonpa01,18015,2017,2025
salazar,césar,663967,salac001,salazce01,21587,2023,2025
pérez,audry,542233,perea002,perezau01,9176,2013,2014
victorino,shane,425664,victs001,victosh01,1677,2003,2015
soto,juan,665742,sotoj001,sotoju01,20123,2018,2025
bell,josh,605137,bellj005,belljo02,13145,2016,2025
wieck,brad,623364,wiecb001,wieckbr01,16390,2018,2021
fiers,mike,571666,fierm001,fiersmi01,7754,2011,2021
irvin,cole,608344,irvic001,irvinco01,19244,2019,2024
hudson,joe,621529,hudsj002,hudsojo03,14412,2018,2024
ramírez,josé,608070,ramij003,ramirjo01,13510,2013,2025
alu,jake,666906,alu-j001,aluja01,25569,2023,2023
schumaker,skip,435401,schus001,schumsk01,3704,2005,2015
suárez,andrew,605498,suara002,suarean01,18300,2018,2023
gonzález,luis,670768,gonzl005,gonzalu03,20332,2020,2022
alonso,pete,624413,alonp001,alonspe01,19251,2019,2025
liberato,luis,642451,libel001,liberlu01,17307,2022,2022
joe,connor,656582,joe-c001,joeco01,16572,2019,2025
morton,charlie,450203,mortc002,mortoch02,4676,2008,2025
bouchard,sean,656248,boucs001,bouchse01,21270,2022,2025
tellez,rowdy,642133,tellr001,tellero01,15679,2018,2025
shields,james,448306,shiej002,shielja02,7059,2006,2018
butler,eddie,572750,butle001,butleed01,13453,2014,2018
ward,taylor,621493,wardt002,wardta01,17548,2018,2025
smith,dwight,596105,smitd007,smithdw02,13473,2017,2020
hicklen,brewer,676551,hickb003,hicklbr01,20450,2022,2025
skoglund,eric,607215,skoge001,skogler01,16155,2017,2019
puig,yasiel,624577,puigy001,puigya01,14225,2013,2019
severino,pedro,600474,sevep001,severpe01,14523,2015,2022
grullón,deivy,620453,gruld001,grullde01,15988,2019,2020
monell,johnny,476192,monej001,moneljo01,2783,2013,2015
powell,boog,621471,poweb002,powelbo02,15103,2017,2018
campusano,luis,669134,campl002,campulu01,22217,2020,2025
granderson,curtis,434158,granc001,grandcu01,4747,2004,2019
paxton,james,572020,paxtj001,paxtoja01,11828,2013,2024
bethancourt,christian,542194,bethc001,bethach01,10028,2013,2024
owen,hunter,670462,owenh003,owenhu01,20034,2021,2021
montes,coco,663796,montc002,monteco01,21547,2023,2025
bandy,jett,542908,bandj001,bandyje01,12508,2015,2018
garcía,leury,544725,garcl004,garcile02,5913,2013,2022
tepesch,nick,519344,tepen001,tepesni01,11716,2013,2017
crews,dylan,686611,crewd001,crewsdy01,-1,2024,2025
greinke,zack,425844,greiz001,greinza01,1943,2004,2023
coats,jason,605183,coatj001,coatsja01,14282,2016,2016
easley,ed,446225,easle001,easleed01,2487,2015,2015
torkelson,spencer,679529,torks001,torkesp01,27465,2022,2025
martínez,michael,492841,martm003,martimi02,7358,2011,2017
bregman,alex,608324,brega001,bregmal01,17678,2016,2025
bemboom,anthony,621532,bemba001,bemboan01,13854,2019,2023
urías,ramón,602104,uriar001,uriasra01,18795,2020,2025
nuñez,nasim,683083,nunen001,nunezna01,25979,2024,2025
conger,hank,474233,congh001,congeha01,2505,2010,2016
garcía,robel,596825,garcr005,garciro02,13167,2019,2021
martin,austin,668885,marta007,martiau01,27462,2024,2025
watson,tony,453265,watst001,watsoto01,3132,2011,2021
davis,ike,477195,davii001,davisik02,8433,2010,2016
bichette,bo,666182,bichb001,bichebo01,19612,2019,2025
matijevic,j. j.,656695,matij001,matijjj01,20165,2022,2022
flores,ramón,570717,florr003,florera02,11165,2015,2017
robson,jacob,615699,robsj001,robsoja01,19528,2021,2021
encarnación,edwin,429665,encae001,encared01,2151,2005,2020
wolters,tony,547172,woltt001,wolteto01,11470,2016,2022
scruggs,xavier,489305,scrux001,scrugxa01,7409,2014,2016
alfaro,jorge,595751,alfaj002,alfarjo01,12180,2016,2025
wendzel,davis,673995,wendd001,wendzda01,-1,2024,2024
kim,ha-seong,673490,kim-h002,kimha01,27506,2021,2025
romero,fernando,622864,romef001,romerfe01,15885,2018,2019
ruf,darin,573131,ruf-d001,rufda01,9929,2012,2023
drew,stephen,452220,drews001,drewst01,4251,2006,2017
ruiz,esteury,665923,ruize001,ruizes01,21780,2022,2025
navarro,dioner,425900,navad001,navardi01,3179,2004,2016
tena,josé,677588,tenaj001,tenajo01,23691,2023,2025
dickerson,alex,543105,dicka001,dickeal01,12649,2015,2022
sánchez,jesús,660821,sancj003,sanchje02,19913,2020,2025
beer,seth,666179,beers001,beerse01,20493,2021,2022
gattis,evan,594828,gatte001,gattiev01,11003,2013,2018
flexen,chris,623167,flexc001,flexech01,13896,2017,2025
haren,dan,429717,hared001,harenda01,1757,2003,2015
latos,mat,502009,latom001,latosma01,3815,2009,2017
kazmir,scott,431148,kazms001,kazmisc01,4897,2004,2021
burns,andy,542992,burna003,burnsan01,12779,2016,2021
telis,tomás,542513,telit001,telisto01,10067,2014,2018
fulmer,carson,608334,fulmc001,fulmeca01,18311,2016,2025
suzuki,ichiro,400085,suzui001,suzukic01,1101,2001,2019
recker,anthony,489232,recka001,reckean01,4063,2011,2017
devanney,cam,687478,devac002,devanca01,-1,2025,2025
adams,lane,572669,adaml001,adamsla01,10767,2014,2018
baron,steven,571467,baros002,baronst01,9787,2015,2019
elmore,jake,518653,elmoj001,elmorja01,7290,2012,2019
call,alex,669743,calla002,callal02,19296,2022,2025
clemens,kody,665019,clemk001,clemeko01,20572,2022,2025
ford,mike,645801,fordm002,fordmi01,15585,2019,2024
mejía,francisco,642336,mejif001,mejiafr01,16403,2017,2023
dini,nick,664926,dinin001,dinini01,18206,2019,2019
hicks,liam,689414,hickl001,hicksli01,-1,2025,2025
reyes,josé,408314,reyej001,reyesjo01,1736,2003,2018
garcia,jhostynxon,691373,garcj008,garcijh01,-1,2025,2025
leblanc,charles,641779,leblc001,leblach01,19813,2022,2024
panik,joe,605412,panij002,panikjo01,11936,2014,2021
jensen,kyle,571812,jensk001,jenseky01,7706,2016,2016
chirinos,robinson,455139,chirr001,chiriro01,3142,2011,2022
piscotty,stephen,572039,piscs001,piscost01,13367,2015,2022
scott,victor,687363,scotv001,scottvi01,31349,2024,2025
ynoa,huascar,660623,ynoah001,ynoahu01,20468,2019,2022
rienzo,andré,516589,riena001,rienzan01,3507,2013,2015
koch,matt,571863,kochm001,kochma01,13420,2016,2024
clevenger,steve,502182,clevs001,clevest01,9542,2011,2016
moore,tyler,489138,moort002,moorety01,7244,2012,2017
flaherty,jack,656427,flahj002,flaheja01,17479,2017,2025
flores,wilmer,527038,florw001,florewi01,5827,2013,2025
beavers,dylan,687637,beavd001,beavedy01,-1,2025,2025
villar,jonathan,542340,villj001,villajo01,10071,2013,2022
de la cruz,elly,682829,delae003,delacel01,26668,2023,2025
allen,greg,656185,alleg002,allengr01,16623,2017,2025
brosseau,mike,670712,brosm001,brossmi01,19683,2019,2023
herrera,jonathan,468406,herrj002,herrejo03,4182,2008,2015
mackinnon,david,676950,mackd001,mackida01,19625,2022,2022
altuve,josé,514888,altuj001,altuvjo01,5417,2011,2025
flaherty,ryan,475247,flahr001,flahery01,7888,2012,2019
burnett,a. j.,150359,burna001,burnea.01,512,1999,2015
lynn,lance,458681,lynnl001,lynnla01,2520,2011,2024
blanco,dairon,680118,bland001,blancda02,19779,2022,2025
gallagher,cam,595956,gallc001,gallaca01,12981,2017,2023
johnson,dan,430681,johnd004,johnsda06,2167,2005,2015
berti,jon,542932,bertj001,bertijo01,12037,2018,2025
young,alex,622065,youna002,youngal01,18333,2019,2024
delmonico,nick,547170,delmn001,delmoni01,13157,2017,2020
alvarez,armando,669137,alvaa002,alvarar01,-1,2024,2024
chisholm,jazz,665862,chisj001,chishja01,20454,2020,2025
saladino,tyler,573135,salat001,saladty01,10807,2015,2019
cervelli,francisco,465041,cervf001,cervefr01,5275,2008,2020
kaiser,connor,663731,kaisc001,kaiseco01,21535,2023,2025
stewart,chris,455755,stewc001,stewach01,3878,2006,2018
zimmer,bradley,605548,zimmb001,zimmebr01,16221,2017,2022
laird,gerald,408042,lairg001,lairdge01,1698,2003,2015
robinson,drew,592685,robid003,robindr01,11761,2017,2019
kaczmarski,kevin,664842,kaczk001,kaczmke01,18146,2018,2018
trout,mike,545361,troum001,troutmi01,10155,2011,2025
brett,ryan,592166,bretr001,brettry01,12138,2015,2015
piña,manny,444489,pinam001,pinama01,2829,2011,2023
mangum,jake,663968,mangj001,manguja01,-1,2025,2025
gardner,brett,458731,gardb001,gardnbr01,9927,2008,2021
mccutchen,andrew,457705,mccua001,mccutan01,9847,2009,2025
morales,kendrys,434778,morak001,moralke01,8610,2006,2019
betts,mookie,605141,bettm001,bettsmo01,13611,2014,2025
adames,cristhian,542436,adamc001,adamecr01,6013,2014,2019
dunn,oliver,686554,dunno001,dunnol01,26295,2024,2025
westbrook,jamie,642197,westj003,westbja02,-1,2024,2024
laroche,adam,425560,laroa001,larocad01,1904,2004,2015
león,pedro,694175,leonp001,leonpe01,-1,2024,2024
hernández,yadiel,628450,herny002,hernaya01,19334,2020,2022
narveson,chris,429780,narvc001,narvech01,2141,2006,2016
odorizzi,jake,543606,odorj001,odorija01,6397,2012,2022
chapman,matt,656305,chapm001,chapmma01,16505,2017,2025
maeda,kenta,628317,maedk001,maedake01,18498,2016,2025
guerra,javy,457915,guerj002,guerrja01,7407,2011,2021
phegley,josh,572033,phegj001,phegljo01,9308,2013,2020
allen,nick,669397,allen002,allenni02,22277,2022,2025
medlen,kris,450665,medlk001,medlekr01,9417,2009,2018
brentz,bryce,518490,brenb002,brentbr01,10607,2014,2016
tomás,yasmany,630111,tomay001,tomasya01,17171,2015,2019
phelps,cord,543647,phelc001,phelpco01,8631,2011,2014
wagner,will,695238,wagnw001,wagnewi01,-1,2024,2025
duran,ezequiel,677649,durae002,duranez01,23733,2022,2025
young,chris,455759,younc004,youngch04,3882,2006,2018
anderson,shaun,641312,andes002,andersh01,19453,2019,2025
garrett,braxton,666129,garrb001,garrebr01,21844,2020,2024
harrison,josh,543281,harrj002,harrijo05,8202,2011,2023
fulmer,michael,605242,fulmm001,fulmemi01,13218,2016,2025
stammen,craig,489334,stamc001,stammcr01,7274,2009,2022
herrera,dilson,599096,herrd002,herredi01,14335,2014,2020
fitzgerald,tyler,666149,fitzt001,fitzgty01,26208,2023,2025
fraley,jake,641584,fralj001,fraleja01,19260,2019,2025
bonifacio,jorge,593528,bonij002,bonifjo01,12174,2017,2021
blazek,michael,518468,blazm001,blazemi01,9654,2013,2019
bolt,skye,621450,bolts001,boltsk01,17723,2019,2022
sanchez,tony,506997,sanct001,sanchto01,6178,2013,2017
nimmo,brandon,607043,nimmb001,nimmobr01,12927,2016,2025
mathias,mark,664029,mathm002,mathima01,18032,2020,2023
pasquantino,vinnie,686469,pasqv001,pasquvi01,27676,2022,2025
davis,chris,448801,davic003,davisch02,9272,2008,2020
johnson,daniel,669288,johnd006,johnsda07,19643,2020,2025
frías,carlos,516910,friac001,friasca01,3547,2014,2016
gallen,zac,668678,gallz001,galleza01,19291,2019,2025
beck,jordan,687597,beckj003,beckjo01,-1,2024,2025
mcgowin,kyle,641851,mcgok002,mcgowky01,15071,2018,2021
moya,steven,570615,moyas001,moyast01,11854,2014,2016
weeks,jemile,457789,weekj001,weeksje01,2498,2011,2016
andreoli,john,607430,andrj001,andrejo03,13012,2018,2021
zuber,tyler,676604,zubet001,zuberty01,20379,2020,2025
hundley,nick,460026,hundn001,hundlni01,3376,2008,2019
haase,eric,606992,haase001,haaseer01,14111,2018,2025
pompey,dalton,592647,pompd001,pompeda01,12797,2014,2018
profar,jurickson,595777,profj001,profaju01,10815,2012,2025
noda,ryan,676116,nodar001,nodary01,23312,2023,2025
dickey,r. a.,285079,dickr001,dicker.01,1245,2001,2017
dickerson,corey,572816,dickc002,dickeco01,10762,2013,2023
estrada,thairo,642731,estrt001,estrath01,16426,2019,2025
araúz,jonathan,660620,arauj001,arauzjo01,20275,2020,2023
kelly,merrill,518876,kellm002,kellyme01,11156,2019,2025
beltrán,carlos,136860,beltc001,beltrca01,589,1998,2017
vierling,matt,663837,vierm001,vierlma01,21558,2021,2025
sánchez,ali,645305,sanca009,sanchal04,18551,2020,2025
de goti,alex,621008,degoa001,degotal01,19477,2021,2021
butler,billy,456714,butlb003,butlebi03,7399,2007,2016
robertson,kramer,670298,robek003,roberkr01,20022,2022,2022
marte,noelvi,682622,martn004,marteno01,26517,2023,2025
mitchell,bryan,571951,mitcb001,mitchbr01,11479,2014,2021
giavotella,johnny,543213,giavj001,giavojo01,6740,2011,2017
schneemann,daniel,682177,schnd002,schneda04,-1,2024,2025
hoskins,rhys,656555,hoskr001,hoskirh01,16472,2017,2025
casas,triston,671213,casat001,casastr01,22514,2022,2025
rodríguez,dereck,605446,rodrd001,rodride01,14509,2018,2023
olt,mike,592609,olt-m001,oltmi01,10698,2012,2015
kratz,erik,456124,krate001,kratzer01,4403,2010,2020
baker,john,434633,bakej002,bakerjo01,4756,2008,2014
hilliard,sam,656541,hills005,hillisa01,17954,2019,2025
kang,jung ho,628356,kangj001,kangju01,17182,2015,2019
trevino,jose,624431,trevj001,trevijo01,16725,2018,2025
stowers,kyle,669065,stowk001,stoweky01,26151,2022,2025
turner,justin,457759,turnj001,turneju01,5235,2009,2025
granite,zach,643335,granz001,graniza01,15343,2017,2017
whitefield,aaron,664334,whita002,whiteaa01,19938,2020,2022
keller,mitch,656605,kellm003,kellemi03,17594,2019,2025
newman,kevin,621028,newmk001,newmake01,17696,2018,2025
hager,jake,606993,hagej001,hagerja01,12198,2021,2022
fulford,braxton,690924,fulfb001,fulfobr01,-1,2025,2025
gómez,carlos,460576,gomec002,gomezca01,4881,2007,2019
sands,donny,664848,sandd004,sandsdo01,18603,2022,2022
carroll,corbin,682998,carrc005,carroco02,25878,2022,2025
gushue,taylor,656494,gusht001,gushuta01,16098,2021,2021
utley,chase,400284,utlec001,utleych01,1679,2003,2018
ryu,hyun jin,547943,ryu-h001,ryuhy01,14444,2013,2023
peña,ramiro,455369,penar002,penara02,8841,2009,2016
uribe,juan,346874,uribj002,uribeju01,454,2001,2016
holliday,matt,407812,hollm001,hollima01,1873,2004,2018
garrett,stone,656448,garrs003,garrest01,19273,2022,2024
kiermaier,kevin,595281,kierk001,kiermke01,11038,2013,2024
barnhart,tucker,571466,barnt001,barnhtu01,10200,2014,2025
franco,wander,677551,franw002,francwa01,23667,2021,2023
straily,dan,573185,strad003,straida01,9460,2012,2019
donovan,brendan,680977,donob001,donovbr01,24679,2022,2025
lough,david,518953,lougd001,loughda01,7215,2012,2016
jax,griffin,643377,jax-g001,jaxgr01,20253,2021,2025
ritter,ryan,690022,rittr002,rittery01,-1,2025,2025
cruz,nelson,443558,cruzn002,cruzne02,2434,2005,2023
kopech,michael,656629,kopem001,kopecmi01,17282,2018,2025
shaffer,richie,572128,shafr001,shaffri01,13271,2015,2016
vólquez,edinson,450172,volqe001,volqued01,3990,2005,2020
lavastida,bryan,681526,lavab001,lavasbr01,24765,2022,2022
stewart,sal,701398,stews004,stewasa02,-1,2025,2025
eaton,adam,594809,eatoa002,eatonad02,11205,2012,2021
meckler,wade,685133,meckw001,mecklwa01,31490,2023,2023
richard,clayton,453385,richc002,richacl01,3551,2008,2019
hawkins,latroy,115629,hawkl001,hawkila01,729,1995,2015
